GO_ID	NS	Name	p_uncorrected	p_fdr_bh	enrichment	study_count	pop_count
GO:0006412	BP	translation	1.151e-35	2.197e-33	enriched	266	272
GO:0009664	BP	plant-type cell wall organization	4.309e-21	3.915e-19	enriched	126	126
GO:0006955	BP	immune response	8.365e-20	7.255e-18	enriched	348	395
GO:0006869	BP	lipid transport	8.195e-18	5.584e-16	enriched	239	263
GO:0009627	BP	systemic acquired resistance	1.371e-16	8.718e-15	enriched	98	98
GO:0006006	BP	glucose metabolic process	5.208e-15	2.839e-13	enriched	119	123
GO:0006096	BP	glycolytic process	4.794e-14	2.407e-12	enriched	125	131
GO:0019722	BP	calcium-mediated signaling	3.141e-11	1.332e-09	enriched	74	75
GO:0007186	BP	G protein-coupled receptor signaling pathway	6.760e-11	2.632e-09	enriched	85	88
GO:0006508	BP	proteolysis	1.719e-08	5.655e-07	enriched	85	91
GO:0006355	BP	regulation of DNA-templated transcription	1.275e-07	3.800e-06	enriched	57	59
GO:0006357	BP	regulation of transcription by RNA polymerase II	2.085e-06	5.304e-05	enriched	37	37
GO:0007275	BP	multicellular organism development	3.527e-06	8.741e-05	enriched	53	56
GO:0006954	BP	inflammatory response	9.476e-06	2.127e-04	enriched	99	114
GO:0007219	BP	Notch signaling pathway	1.506e-05	3.265e-04	enriched	31	31
GO:0055085	BP	transmembrane transport	1.506e-05	3.265e-04	enriched	31	31
GO:0033617	BP	mitochondrial respiratory chain complex IV assembly	2.508e-05	5.258e-04	enriched	29	29
GO:0015031	BP	protein transport	2.508e-05	5.258e-04	enriched	29	29
GO:0008283	BP	cell population proliferation	7.262e-05	1.476e-03	enriched	26	26
GO:0007157	BP	heterophilic cell-cell adhesion	7.270e-05	1.476e-03	enriched	27	27
GO:0015986	BP	proton motive force-driven ATP synthesis	3.388e-04	6.042e-03	enriched	22	22
GO:0016192	BP	vesicle-mediated transport	3.388e-04	6.042e-03	enriched	22	22
GO:0007608	BP	sensory perception of smell	3.388e-04	6.042e-03	enriched	22	22
GO:0006886	BP	intracellular protein transport	3.540e-04	6.084e-03	enriched	23	23
GO:0015979	BP	photosynthesis	3.540e-04	6.084e-03	enriched	23	23
GO:0031145	BP	anaphase-promoting complex-dependent catabolic process	3.540e-04	6.084e-03	enriched	23	23
GO:0008284	BP	positive regulation of cell population proliferation	4.176e-04	7.114e-03	enriched	28	29
GO:0030335	BP	positive regulation of cell migration	5.190e-04	8.686e-03	enriched	72	84
GO:0030198	BP	extracellular matrix organization	5.598e-04	8.976e-03	enriched	21	21
GO:0030154	BP	cell differentiation	5.598e-04	8.976e-03	enriched	21	21
GO:0030334	BP	regulation of cell migration	6.215e-04	9.882e-03	enriched	45	50
GO:0043547	BP	positive regulation of GTPase activity	7.419e-04	1.151e-02	enriched	71	83
GO:0070098	BP	chemokine-mediated signaling pathway	7.419e-04	1.151e-02	enriched	71	83
GO:0008285	BP	negative regulation of cell population proliferation	9.657e-04	1.462e-02	enriched	20	20
GO:0008343	BP	adult feeding behavior	1.098e-03	1.624e-02	enriched	25	26
GO:0006888	BP	endoplasmic reticulum to Golgi vesicle-mediated transport	1.098e-03	1.624e-02	enriched	25	26
GO:0009755	BP	hormone-mediated signaling pathway	1.739e-03	2.422e-02	enriched	19	19
GO:0043410	BP	positive regulation of MAPK cascade	1.789e-03	2.473e-02	enriched	24	25
GO:0007304	BP	chorion-containing eggshell formation	2.687e-03	3.585e-02	enriched	17	17
GO:0007586	BP	digestion	2.886e-03	3.824e-02	enriched	22	23
GO:0000786	CC	nucleosome	3.011e-32	3.831e-30	enriched	351	376
GO:0005886	CC	plasma membrane	1.287e-30	1.535e-28	enriched	294	310
GO:0016020	CC	membrane	7.012e-29	7.433e-27	enriched	368	402
GO:0005840	CC	ribosome	8.252e-29	8.286e-27	enriched	216	221
GO:0005829	CC	cytosol	2.668e-18	2.121e-16	enriched	171	180
GO:0005634	CC	nucleus	1.052e-11	4.780e-10	enriched	146	160
GO:0009506	CC	plasmodesma	1.908e-11	8.465e-10	enriched	75	76
GO:0005789	CC	endoplasmic reticulum membrane	8.080e-09	2.731e-07	enriched	59	60
GO:0009986	CC	cell surface	3.052e-08	9.870e-07	enriched	62	64
GO:0022627	CC	cytosolic small ribosomal subunit	3.700e-08	1.177e-06	enriched	55	56
GO:0022625	CC	cytosolic large ribosomal subunit	9.768e-08	2.958e-06	enriched	52	53
GO:0005743	CC	mitochondrial inner membrane	3.984e-07	1.118e-05	enriched	40	40
GO:0005737	CC	cytoplasm	1.322e-06	3.456e-05	enriched	226	277
GO:0043235	CC	receptor complex	3.142e-06	7.889e-05	enriched	35	35
GO:0005783	CC	endoplasmic reticulum	5.801e-06	1.367e-04	enriched	46	48
GO:0005739	CC	mitochondrion	6.648e-06	1.547e-04	enriched	101	116
GO:0009277	CC	fungal-type cell wall	1.506e-05	3.265e-04	enriched	31	31
GO:0030134	CC	COPII-coated ER to Golgi transport vesicle	1.998e-04	3.738e-03	enriched	24	24
GO:0005794	CC	Golgi apparatus	2.058e-04	3.813e-03	enriched	40	43
GO:0015934	CC	large ribosomal subunit	1.098e-03	1.624e-02	enriched	25	26
GO:0031982	CC	vesicle	1.194e-03	1.753e-02	enriched	34	37
GO:0005868	CC	cytoplasmic dynein complex	1.596e-03	2.289e-02	enriched	18	18
GO:0005654	CC	nucleoplasm	1.596e-03	2.289e-02	enriched	18	18
GO:0009523	CC	photosystem II	1.739e-03	2.422e-02	enriched	19	19
GO:0045271	CC	respiratory chain complex I	1.739e-03	2.422e-02	enriched	19	19
GO:0042600	CC	egg chorion	2.687e-03	3.585e-02	enriched	17	17
GO:0048471	CC	perinuclear region of cytoplasm	2.687e-03	3.585e-02	enriched	17	17
GO:0005680	CC	anaphase-promoting complex	3.007e-03	3.930e-02	enriched	23	24
GO:0046982	MF	protein heterodimerization activity	1.845e-35	3.200e-33	enriched	374	399
GO:0003677	MF	DNA binding	2.013e-35	3.201e-33	enriched	417	451
GO:0003735	MF	structural constituent of ribosome	3.044e-33	4.467e-31	enriched	250	256
GO:0030527	MF	structural constituent of chromatin	9.367e-33	1.277e-30	enriched	375	404
GO:0005179	MF	hormone activity	3.736e-18	2.741e-16	enriched	262	291
GO:0008009	MF	chemokine activity	5.722e-18	4.044e-16	enriched	305	345
GO:0005504	MF	fatty acid binding	1.266e-15	7.794e-14	enriched	102	103
GO:0004867	MF	serine-type endopeptidase inhibitor activity	1.619e-15	9.653e-14	enriched	190	207
GO:0050661	MF	NADP binding	5.208e-15	2.839e-13	enriched	119	123
GO:0051287	MF	NAD binding	5.208e-15	2.839e-13	enriched	119	123
GO:0016620	MF	oxidoreductase activity, acting on the aldehyde or oxo group of donors, NAD or NADP as acceptor	1.135e-14	6.017e-13	enriched	129	135
GO:0005515	MF	protein binding	1.688e-14	8.702e-13	enriched	144	153
GO:0004365	MF	glyceraldehyde-3-phosphate dehydrogenase (NAD+) (phosphorylating) activity	7.299e-14	3.571e-12	enriched	123	129
GO:0005044	MF	scavenger receptor activity	2.155e-11	9.345e-10	enriched	66	66
GO:0008083	MF	growth factor activity	4.785e-11	1.942e-09	enriched	92	96
GO:0008270	MF	zinc ion binding	5.210e-11	2.071e-09	enriched	80	82
GO:0009055	MF	electron transfer activity	2.219e-09	7.698e-08	enriched	54	54
GO:0003723	MF	RNA binding	1.602e-07	4.702e-06	enriched	50	51
GO:0008289	MF	lipid binding	1.733e-07	5.011e-06	enriched	179	212
GO:0005184	MF	neuropeptide hormone activity	5.101e-07	1.410e-05	enriched	107	121
GO:0005549	MF	odorant binding	6.603e-07	1.800e-05	enriched	39	39
GO:0000981	MF	DNA-binding transcription factor activity, RNA polymerase II-specific	1.145e-06	3.035e-05	enriched	38	38
GO:0005199	MF	structural constituent of cell wall	5.369e-06	1.280e-04	enriched	33	33
GO:0000978	MF	RNA polymerase II cis-regulatory region sequence-specific DNA binding	5.369e-06	1.280e-04	enriched	33	33
GO:0001664	MF	G protein-coupled receptor binding	9.256e-05	1.821e-03	enriched	57	63
GO:0005125	MF	cytokine activity	1.592e-04	3.068e-03	enriched	31	32
GO:0046872	MF	metal ion binding	1.645e-04	3.138e-03	enriched	37	39
GO:0048018	MF	receptor ligand activity	1.998e-04	3.738e-03	enriched	24	24
GO:0008201	MF	heparin binding	3.388e-04	6.042e-03	enriched	22	22
GO:0005112	MF	Notch binding	3.540e-04	6.084e-03	enriched	23	23
GO:0004869	MF	cysteine-type endopeptidase inhibitor activity	4.217e-04	7.120e-03	enriched	47	52
GO:0004857	MF	enzyme inhibitor activity	5.598e-04	8.976e-03	enriched	21	21
GO:0008320	MF	protein transmembrane transporter activity	5.598e-04	8.976e-03	enriched	21	21
GO:0097602	MF	cullin family protein binding	5.598e-04	8.976e-03	enriched	21	21
GO:0048020	MF	CCR chemokine receptor binding	7.419e-04	1.151e-02	enriched	71	83
GO:0045505	MF	dynein intermediate chain binding	1.596e-03	2.289e-02	enriched	18	18
GO:0005213	MF	structural constituent of egg chorion	2.687e-03	3.585e-02	enriched	17	17
GO:0006952	BP	defense response	0.000e+00	0.000e+00	depleted	251	1324
GO:0042742	BP	defense response to bacterium	1.011e-191	9.643e-189	depleted	120	700
GO:0050829	BP	defense response to Gram-negative bacterium	2.170e-103	1.035e-100	depleted	96	456
GO:0050830	BP	defense response to Gram-positive bacterium	2.818e-85	1.076e-82	depleted	164	554
GO:0098542	BP	defense response to other organism	1.500e-84	4.769e-82	depleted	5	184
GO:0019731	BP	antibacterial humoral response	1.341e-59	3.655e-57	depleted	61	277
GO:0061844	BP	antimicrobial humoral immune response mediated by antimicrobial peptide	9.546e-40	2.024e-37	depleted	158	415
GO:0045087	BP	innate immune response	2.149e-30	2.412e-28	depleted	72	225
GO:0006959	BP	humoral immune response	9.205e-26	8.782e-24	depleted	7	72
GO:0051673	BP	disruption of plasma membrane integrity in another organism	1.222e-18	1.014e-16	depleted	27	102
GO:0071222	BP	cellular response to lipopolysaccharide	3.137e-18	2.394e-16	depleted	28	103
GO:0002227	BP	innate immune response in mucosa	1.154e-16	7.592e-15	depleted	64	169
GO:0019836	BP	symbiont-mediated hemolysis of host erythrocyte	1.259e-13	6.006e-12	depleted	1	29
GO:0009063	BP	amino acid catabolic process	6.805e-10	2.404e-08	depleted	3	27
GO:0006879	BP	intracellular iron ion homeostasis	8.159e-09	2.731e-07	depleted	18	57
GO:0042130	BP	negative regulation of T cell proliferation	2.020e-07	5.753e-06	depleted	10	37
GO:0009253	BP	peptidoglycan catabolic process	9.808e-07	2.636e-05	depleted	47	103
GO:0031640	BP	killing of cells of another organism	1.367e-06	3.525e-05	depleted	4	22
GO:0044179	BP	hemolysis in another organism	8.613e-06	1.956e-04	depleted	0	10
GO:0044562	BP	venom-mediated inhibition of voltage-gated potassium channel activity	2.767e-05	5.740e-04	depleted	0	9
GO:0016052	BP	carbohydrate catabolic process	8.891e-05	1.767e-03	depleted	0	8
GO:0044659	BP	viral release from host cell by cytolysis	7.901e-04	1.216e-02	depleted	2	11
GO:0005576	CC	extracellular region	4.764e-116	3.030e-113	depleted	1128	2295
GO:0005615	CC	extracellular space	7.229e-11	2.759e-09	depleted	952	1543
GO:0019031	CC	viral envelope	8.059e-08	2.480e-06	depleted	0	14
GO:0005727	CC	extrachromosomal circular DNA	9.169e-04	1.400e-02	depleted	0	6
GO:0031012	CC	extracellular matrix	1.917e-03	2.631e-02	depleted	110	189
GO:0042151	CC	nematocyst	2.944e-03	3.873e-02	depleted	0	5
GO:0001530	MF	lipopolysaccharide binding	6.171e-46	1.472e-43	depleted	20	150
GO:0031731	MF	CCR6 chemokine receptor binding	1.452e-12	6.756e-11	depleted	65	157
GO:0090729	MF	toxin activity	3.649e-11	1.514e-09	depleted	1	24
GO:0003796	MF	lysozyme activity	1.354e-10	5.067e-09	depleted	146	287
GO:0042056	MF	chemoattractant activity	5.153e-10	1.891e-08	depleted	44	110
GO:0001716	MF	L-amino-acid oxidase activity	6.805e-10	2.404e-08	depleted	3	27
GO:0019871	MF	sodium channel inhibitor activity	8.059e-08	2.480e-06	depleted	0	14
GO:0016491	MF	oxidoreductase activity	4.653e-06	1.138e-04	depleted	19	51
GO:0140911	MF	pore-forming activity	8.613e-06	1.956e-04	depleted	0	10
GO:0004860	MF	protein kinase inhibitor activity	2.299e-05	4.928e-04	depleted	1	12
GO:0008745	MF	N-acetylmuramoyl-L-alanine amidase activity	8.891e-05	1.767e-03	depleted	0	8
GO:0005198	MF	structural molecule activity	1.587e-04	3.068e-03	depleted	4	17
GO:0008932	MF	lytic endotransglycosylase activity	1.662e-03	2.367e-02	depleted	1	8
