GO	pred_count	db_count	N_pred	N_db	oddsratio	p_uncorrected	p_fdr_bh	Name
GO:0006412	266	6	6339	2873	20.9293	6.81888e-36	8.25623e-33	NA
GO:0046982	374	25	6339	2873	7.14268	1.20095e-35	8.25623e-33	NA
GO:0003677	417	34	6339	2873	5.87969	1.265e-35	8.25623e-33	NA
GO:0003735	250	6	6339	2873	19.6187	2.2881e-33	1.12002e-30	NA
GO:0030527	375	29	6339	2873	6.16631	4.46311e-33	1.74775e-30	NA
GO:0000786	351	25	6339	2873	6.67768	2.04741e-32	6.68138e-30	NA
GO:0005886	294	16	6339	2873	8.68443	7.38623e-31	2.06604e-28	NA
GO:0005840	216	5	6339	2873	20.2348	3.93777e-29	9.63769e-27	NA
GO:0016020	368	34	6339	2873	5.14621	4.4877e-29	9.76324e-27	NA
GO:0009664	126	0	6339	2873	inf	2.37605e-21	4.6523e-19	NA
GO:0006955	348	47	6339	2873	3.49264	4.00117e-20	7.12209e-18	NA
GO:0005829	171	9	6339	2873	8.82231	1.3854e-18	2.26051e-16	NA
GO:0005179	262	29	6339	2873	4.22808	2.30389e-18	3.47002e-16	NA
GO:0008009	305	40	6339	2873	3.57998	2.83989e-18	3.97179e-16	NA
GO:0006869	239	24	6339	2873	4.65103	3.99933e-18	5.22047e-16	NA
GO:0009627	98	0	6339	2873	inf	9.74772e-17	1.19288e-14	NA
GO:0005504	102	1	6339	2873	46.9687	7.10665e-16	8.18519e-14	NA
GO:0004867	190	17	6339	2873	5.19109	8.35652e-16	9.09004e-14	NA
GO:0006006	119	4	6339	2873	13.7223	3.30041e-15	3.07724e-13	NA
GO:0050661	119	4	6339	2873	13.7223	3.30041e-15	3.07724e-13	NA
GO:0051287	119	4	6339	2873	13.7223	3.30041e-15	3.07724e-13	NA
GO:0016620	129	6	6339	2873	9.92601	6.31313e-15	5.61868e-13	NA
GO:0005515	144	9	6339	2873	7.39693	9.21758e-15	7.84696e-13	NA
GO:0006096	125	6	6339	2873	9.61203	2.40457e-14	1.96173e-12	NA
GO:0004365	123	6	6339	2873	9.4552	4.68167e-14	3.66668e-12	NA
GO:0005634	146	14	6339	2873	4.81435	6.83638e-12	5.14832e-10	NA
GO:0009506	75	1	6339	2873	34.387	1.43203e-11	1.03849e-09	NA
GO:0005044	66	0	6339	2873	inf	1.73744e-11	1.21497e-09	NA
GO:0019722	74	1	6339	2873	33.9231	2.0618e-11	1.39207e-09	NA
GO:0008270	80	2	6339	2873	18.348	3.05775e-11	1.99569e-09	NA
GO:0008083	92	4	6339	2873	10.563	3.39522e-11	2.14446e-09	NA
GO:0007186	85	3	6339	2873	13.0023	4.92335e-11	3.01248e-09	NA
GO:0009055	54	0	6339	2873	inf	1.59693e-09	9.47512e-08	NA
GO:0005789	59	1	6339	2873	26.9822	4.74304e-09	2.73143e-07	NA
GO:0006508	85	6	6339	2873	6.49438	1.0105e-08	5.65302e-07	NA
GO:0009986	62	2	6339	2873	14.1789	1.67119e-08	9.08942e-07	NA
GO:0022627	55	1	6339	2873	25.1369	2.00079e-08	1.0588e-06	NA
GO:0022625	52	1	6339	2873	23.7544	5.86812e-08	3.02363e-06	NA
GO:0006355	57	2	6339	2873	13.0251	9.37439e-08	4.70643e-06	NA
GO:0008289	179	33	6339	2873	2.50079	1.06409e-07	5.20872e-06	NA
GO:0003723	50	1	6339	2873	22.8335	1.2001e-07	5.73122e-06	NA
GO:0005743	40	0	6339	2873	inf	3.08992e-07	1.44049e-05	NA
GO:0005184	107	14	6339	2873	3.50625	3.18916e-07	1.45218e-05	NA
GO:0005549	39	0	6339	2873	inf	4.49903e-07	2.00207e-05	NA
GO:0000981	38	0	6339	2873	inf	6.5504e-07	2.85015e-05	NA
GO:0005737	226	51	6339	2873	2.04569	7.8184e-07	3.32792e-05	NA
GO:0006357	37	0	6339	2873	inf	9.53665e-07	3.97293e-05	NA
GO:0043235	35	0	6339	2873	inf	2.02109e-06	8.24438e-05	NA
GO:0007275	53	3	6339	2873	8.06607	2.2513e-06	8.99602e-05	NA
GO:0005739	101	15	6339	2873	3.08494	3.69244e-06	0.000144596	NA
GO:0005783	46	2	6339	2873	10.4931	3.93902e-06	0.000151228	NA
GO:0000978	33	0	6339	2873	inf	4.28243e-06	0.000158208	NA
GO:0005199	33	0	6339	2873	inf	4.28243e-06	0.000158208	NA
GO:0006954	99	15	6339	2873	3.02288	5.99544e-06	0.00021739	NA
GO:0007219	31	0	6339	2873	inf	9.07212e-06	0.000311635	NA
GO:0009277	31	0	6339	2873	inf	9.07212e-06	0.000311635	NA
GO:0055085	31	0	6339	2873	inf	9.07212e-06	0.000311635	NA
GO:0005747	29	0	6339	2873	inf	1.9215e-05	0.00062705	NA
GO:0015031	29	0	6339	2873	inf	1.9215e-05	0.00062705	NA
GO:0033617	29	0	6339	2873	inf	1.9215e-05	0.00062705	NA
GO:0007157	27	0	6339	2873	inf	4.06899e-05	0.00130608	NA
GO:0001664	57	6	6339	2873	4.33564	4.2567e-05	0.00134429	NA
GO:0008283	26	0	6339	2873	inf	5.92076e-05	0.00184013	NA
GO:0046872	37	2	6339	2873	8.42804	7.77241e-05	0.00237787	NA
GO:0005125	31	1	6339	2873	14.1141	9.70789e-05	0.00292432	NA
GO:0030134	24	0	6339	2873	inf	0.000125341	0.00366296	NA
GO:0048018	24	0	6339	2873	inf	0.000125341	0.00366296	NA
GO:0005794	40	3	6339	2873	6.07504	0.000137976	0.0039729	NA
GO:0005112	23	0	6339	2873	inf	0.000182356	0.00495907	NA
GO:0006886	23	0	6339	2873	inf	0.000182356	0.00495907	NA
GO:0015979	23	0	6339	2873	inf	0.000182356	0.00495907	NA
GO:0031145	23	0	6339	2873	inf	0.000182356	0.00495907	NA
GO:0004869	47	5	6339	2873	4.28468	0.000222585	0.00597015	NA
GO:0007608	22	0	6339	2873	inf	0.000265292	0.00674601	NA
GO:0008201	22	0	6339	2873	inf	0.000265292	0.00674601	NA
GO:0015986	22	0	6339	2873	inf	0.000265292	0.00674601	NA
GO:0016192	22	0	6339	2873	inf	0.000265292	0.00674601	NA
GO:0008284	28	1	6339	2873	12.7422	0.000272889	0.00685022	NA
GO:0030335	72	12	6339	2873	2.73911	0.000284765	0.00705785	NA
GO:0043547	71	12	6339	2873	2.70064	0.00035794	0.00854691	NA
GO:0048020	71	12	6339	2873	2.70064	0.00035794	0.00854691	NA
GO:0070098	71	12	6339	2873	2.70064	0.00035794	0.00854691	NA
GO:0004857	21	0	6339	2873	inf	0.00038593	0.00865259	NA
GO:0008320	21	0	6339	2873	inf	0.00038593	0.00865259	NA
GO:0030154	21	0	6339	2873	inf	0.00038593	0.00865259	NA
GO:0030198	21	0	6339	2873	inf	0.00038593	0.00865259	NA
GO:0097602	21	0	6339	2873	inf	0.00038593	0.00865259	NA
GO:0030334	45	5	6339	2873	4.10105	0.00038888	0.00865259	NA
GO:0008285	20	0	6339	2873	inf	0.000561396	0.0123507	NA
GO:0006888	25	1	6339	2873	11.3716	0.000759665	0.0161677	NA
GO:0008343	25	1	6339	2873	11.3716	0.000759665	0.0161677	NA
GO:0015934	25	1	6339	2873	11.3716	0.000759665	0.0161677	NA
GO:0009523	19	0	6339	2873	inf	0.000816601	0.0168306	NA
GO:0009755	19	0	6339	2873	inf	0.000816601	0.0168306	NA
GO:0045271	19	0	6339	2873	inf	0.000816601	0.0168306	NA
GO:0031982	34	3	6339	2873	5.15887	0.000849614	0.0173286	NA
GO:0043410	24	1	6339	2873	10.915	0.00106597	0.0215173	NA
GO:0005654	18	0	6339	2873	inf	0.00118776	0.0232563	NA
GO:0005868	18	0	6339	2873	inf	0.00118776	0.0232563	NA
GO:0045505	18	0	6339	2873	inf	0.00118776	0.0232563	NA
GO:0005680	23	1	6339	2873	10.4585	0.0014937	0.028957	NA
GO:0005213	17	0	6339	2873	inf	0.00172753	0.0322143	NA
GO:0007304	17	0	6339	2873	inf	0.00172753	0.0322143	NA
GO:0042600	17	0	6339	2873	inf	0.00172753	0.0322143	NA
GO:0048471	17	0	6339	2873	inf	0.00172753	0.0322143	NA
GO:0061630	31	3	6339	2873	4.70144	0.00205329	0.0379278	NA
GO:0007586	22	1	6339	2873	10.0022	0.00208989	0.0382431	NA
GO:0000278	16	0	6339	2873	inf	0.00251247	0.0435347	NA
GO:0006122	16	0	6339	2873	inf	0.00251247	0.0435347	NA
GO:0015078	16	0	6339	2873	inf	0.00251247	0.0435347	NA
GO:0043086	16	0	6339	2873	inf	0.00251247	0.0435347	NA
GO:0043269	16	0	6339	2873	inf	0.00251247	0.0435347	NA
GO:0099106	16	0	6339	2873	inf	0.00251247	0.0435347	NA
GO:2000117	30	3	6339	2873	4.54906	0.00274279	0.0471086	NA
GO:0009267	21	1	6339	2873	9.54606	0.00291931	0.0488548	NA
GO:0030550	21	1	6339	2873	9.54606	0.00291931	0.0488548	NA
GO:0032099	21	1	6339	2873	9.54606	0.00291931	0.0488548	NA
GO:0004252	86	20	6339	2873	1.96192	0.00297398	0.0493478	NA
GO:0005975	61	12	6339	2873	2.31657	0.0031615	0.0520187	NA
GO:0000003	15	0	6339	2873	inf	0.00365389	0.0533905	NA
GO:0001709	15	0	6339	2873	inf	0.00365389	0.0533905	NA
GO:0005154	15	0	6339	2873	inf	0.00365389	0.0533905	NA
GO:0005183	15	0	6339	2873	inf	0.00365389	0.0533905	NA
GO:0006182	15	0	6339	2873	inf	0.00365389	0.0533905	NA
GO:0006816	15	0	6339	2873	inf	0.00365389	0.0533905	NA
GO:0007168	15	0	6339	2873	inf	0.00365389	0.0533905	NA
GO:0007173	15	0	6339	2873	inf	0.00365389	0.0533905	NA
GO:0017080	15	0	6339	2873	inf	0.00365389	0.0533905	NA
GO:0030968	15	0	6339	2873	inf	0.00365389	0.0533905	NA
GO:0031530	15	0	6339	2873	inf	0.00365389	0.0533905	NA
GO:0045944	15	0	6339	2873	inf	0.00365389	0.0533905	NA
GO:0046961	15	0	6339	2873	inf	0.00365389	0.0533905	NA
GO:1902600	15	0	6339	2873	inf	0.00365389	0.0533905	NA
GO:2000649	15	0	6339	2873	inf	0.00365389	0.0533905	NA
GO:0004568	57	11	6339	2873	2.36077	0.00372467	0.0540216	NA
GO:0007015	36	5	6339	2873	3.27615	0.00430497	0.0619789	NA
GO:0005509	158	47	6339	2873	1.537	0.00518028	0.0689008	NA
GO:0000028	14	0	6339	2873	inf	0.0053136	0.0689008	NA
GO:0001836	14	0	6339	2873	inf	0.0053136	0.0689008	NA
GO:0002181	14	0	6339	2873	inf	0.0053136	0.0689008	NA
GO:0005096	14	0	6339	2873	inf	0.0053136	0.0689008	NA
GO:0006633	14	0	6339	2873	inf	0.0053136	0.0689008	NA
GO:0007018	14	0	6339	2873	inf	0.0053136	0.0689008	NA
GO:0007059	14	0	6339	2873	inf	0.0053136	0.0689008	NA
GO:0007411	14	0	6339	2873	inf	0.0053136	0.0689008	NA
GO:0009539	14	0	6339	2873	inf	0.0053136	0.0689008	NA
GO:0030199	14	0	6339	2873	inf	0.0053136	0.0689008	NA
GO:0031721	14	0	6339	2873	inf	0.0053136	0.0689008	NA
GO:0033179	14	0	6339	2873	inf	0.0053136	0.0689008	NA
GO:0043953	14	0	6339	2873	inf	0.0053136	0.0689008	NA
GO:0051382	14	0	6339	2873	inf	0.0053136	0.0689008	NA
GO:0005520	19	1	6339	2873	8.63418	0.00566549	0.0729804	NA
GO:0007218	61	13	6339	2873	2.13762	0.00595015	0.0761464	NA
GO:0005102	38	6	6339	2873	2.88171	0.00631986	0.0803526	NA
GO:0003700	23	2	6339	2873	5.22744	0.00641251	0.0810044	NA
GO:0003785	34	5	6339	2873	3.09316	0.00714057	0.0890524	NA
GO:0030150	34	5	6339	2873	3.09316	0.00714057	0.0890524	NA
GO:0000776	13	0	6339	2873	inf	0.00772681	0.0905934	NA
GO:0005742	13	0	6339	2873	inf	0.00772681	0.0905934	NA
GO:0006605	13	0	6339	2873	inf	0.00772681	0.0905934	NA
GO:0007507	13	0	6339	2873	inf	0.00772681	0.0905934	NA
GO:0022857	13	0	6339	2873	inf	0.00772681	0.0905934	NA
GO:0031779	13	0	6339	2873	inf	0.00772681	0.0905934	NA
GO:0032469	13	0	6339	2873	inf	0.00772681	0.0905934	NA
GO:0032543	13	0	6339	2873	inf	0.00772681	0.0905934	NA
GO:0032991	13	0	6339	2873	inf	0.00772681	0.0905934	NA
GO:0050793	13	0	6339	2873	inf	0.00772681	0.0905934	NA
GO:0048245	53	11	6339	2873	2.19371	0.0084698	0.0987135	NA
GO:0042989	33	5	6339	2873	3.00171	0.00915441	0.106061	NA
GO:0005730	12	0	6339	2873	inf	0.0112354	0.122899	NA
GO:0005925	12	0	6339	2873	inf	0.0112354	0.122899	NA
GO:0008047	12	0	6339	2873	inf	0.0112354	0.122899	NA
GO:0016324	12	0	6339	2873	inf	0.0112354	0.122899	NA
GO:0016651	12	0	6339	2873	inf	0.0112354	0.122899	NA
GO:0032511	12	0	6339	2873	inf	0.0112354	0.122899	NA
GO:0038023	12	0	6339	2873	inf	0.0112354	0.122899	NA
GO:0044548	12	0	6339	2873	inf	0.0112354	0.122899	NA
GO:0045259	12	0	6339	2873	inf	0.0112354	0.122899	NA
GO:0045840	12	0	6339	2873	inf	0.0112354	0.122899	NA
GO:0015671	48	10	6339	2873	2.18445	0.0123628	0.13448	NA
GO:0004930	16	1	6339	2873	7.26744	0.0150716	0.161405	NA
GO:0048856	16	1	6339	2873	7.26744	0.0150716	0.161405	NA
GO:0042744	47	10	6339	2873	2.1386	0.0150853	0.161405	NA
GO:0003729	11	0	6339	2873	inf	0.0163365	0.16237	NA
GO:0005178	11	0	6339	2873	inf	0.0163365	0.16237	NA
GO:0005741	11	0	6339	2873	inf	0.0163365	0.16237	NA
GO:0006486	11	0	6339	2873	inf	0.0163365	0.16237	NA
GO:0007017	11	0	6339	2873	inf	0.0163365	0.16237	NA
GO:0007154	11	0	6339	2873	inf	0.0163365	0.16237	NA
GO:0007166	11	0	6339	2873	inf	0.0163365	0.16237	NA
GO:0009897	11	0	6339	2873	inf	0.0163365	0.16237	NA
GO:0030234	11	0	6339	2873	inf	0.0163365	0.16237	NA
GO:0031267	11	0	6339	2873	inf	0.0163365	0.16237	NA
GO:0031966	11	0	6339	2873	inf	0.0163365	0.16237	NA
GO:0043565	11	0	6339	2873	inf	0.0163365	0.16237	NA
GO:0051427	11	0	6339	2873	inf	0.0163365	0.16237	NA
GO:0090630	11	0	6339	2873	inf	0.0163365	0.16237	NA
GO:0000139	27	4	6339	2873	3.06808	0.0170947	0.169048	NA
GO:0003682	15	1	6339	2873	6.81214	0.0207752	0.203389	NA
GO:0031704	15	1	6339	2873	6.81214	0.0207752	0.203389	NA
GO:0001649	10	0	6339	2873	inf	0.0237523	0.213335	NA
GO:0001935	10	0	6339	2873	inf	0.0237523	0.213335	NA
GO:0005750	10	0	6339	2873	inf	0.0237523	0.213335	NA
GO:0005758	10	0	6339	2873	inf	0.0237523	0.213335	NA
GO:0005770	10	0	6339	2873	inf	0.0237523	0.213335	NA
GO:0005819	10	0	6339	2873	inf	0.0237523	0.213335	NA
GO:0006898	10	0	6339	2873	inf	0.0237523	0.213335	NA
GO:0006913	10	0	6339	2873	inf	0.0237523	0.213335	NA
GO:0007155	10	0	6339	2873	inf	0.0237523	0.213335	NA
GO:0007267	10	0	6339	2873	inf	0.0237523	0.213335	NA
GO:0008250	10	0	6339	2873	inf	0.0237523	0.213335	NA
GO:0008556	10	0	6339	2873	inf	0.0237523	0.213335	NA
GO:0019838	10	0	6339	2873	inf	0.0237523	0.213335	NA
GO:0031639	10	0	6339	2873	inf	0.0237523	0.213335	NA
GO:0042127	10	0	6339	2873	inf	0.0237523	0.213335	NA
GO:0045197	10	0	6339	2873	inf	0.0237523	0.213335	NA
GO:0048146	10	0	6339	2873	inf	0.0237523	0.213335	NA
GO:0097193	10	0	6339	2873	inf	0.0237523	0.213335	NA
GO:0045039	29	5	6339	2873	2.6362	0.0239022	0.213701	NA
GO:0006032	62	16	6339	2873	1.76372	0.0242719	0.21602	NA
GO:0005344	44	10	6339	2873	2.00114	0.0268985	0.234077	NA
GO:0005833	44	10	6339	2873	2.00114	0.0268985	0.234077	NA
GO:0031720	44	10	6339	2873	2.00114	0.0268985	0.234077	NA
GO:0031838	44	10	6339	2873	2.00114	0.0268985	0.234077	NA
GO:0043177	44	10	6339	2873	2.00114	0.0268985	0.234077	NA
GO:0000930	9	0	6339	2873	inf	0.0345328	0.262074	NA
GO:0000931	9	0	6339	2873	inf	0.0345328	0.262074	NA
GO:0003713	9	0	6339	2873	inf	0.0345328	0.262074	NA
GO:0003998	9	0	6339	2873	inf	0.0345328	0.262074	NA
GO:0005185	9	0	6339	2873	inf	0.0345328	0.262074	NA
GO:0006606	9	0	6339	2873	inf	0.0345328	0.262074	NA
GO:0007217	9	0	6339	2873	inf	0.0345328	0.262074	NA
GO:0008147	9	0	6339	2873	inf	0.0345328	0.262074	NA
GO:0009306	9	0	6339	2873	inf	0.0345328	0.262074	NA
GO:0009507	9	0	6339	2873	inf	0.0345328	0.262074	NA
GO:0009966	9	0	6339	2873	inf	0.0345328	0.262074	NA
GO:0016358	9	0	6339	2873	inf	0.0345328	0.262074	NA
GO:0030001	9	0	6339	2873	inf	0.0345328	0.262074	NA
GO:0030277	9	0	6339	2873	inf	0.0345328	0.262074	NA
GO:0030964	9	0	6339	2873	inf	0.0345328	0.262074	NA
GO:0031021	9	0	6339	2873	inf	0.0345328	0.262074	NA
GO:0031643	9	0	6339	2873	inf	0.0345328	0.262074	NA
GO:0032438	9	0	6339	2873	inf	0.0345328	0.262074	NA
GO:0032571	9	0	6339	2873	inf	0.0345328	0.262074	NA
GO:0033566	9	0	6339	2873	inf	0.0345328	0.262074	NA
GO:0033612	9	0	6339	2873	inf	0.0345328	0.262074	NA
GO:0042562	9	0	6339	2873	inf	0.0345328	0.262074	NA
GO:0045275	9	0	6339	2873	inf	0.0345328	0.262074	NA
GO:0048332	9	0	6339	2873	inf	0.0345328	0.262074	NA
GO:0051415	9	0	6339	2873	inf	0.0345328	0.262074	NA
GO:0060183	9	0	6339	2873	inf	0.0345328	0.262074	NA
GO:0060348	9	0	6339	2873	inf	0.0345328	0.262074	NA
GO:0090307	9	0	6339	2873	inf	0.0345328	0.262074	NA
GO:0095500	9	0	6339	2873	inf	0.0345328	0.262074	NA
GO:0097340	9	0	6339	2873	inf	0.0345328	0.262074	NA
GO:1900076	9	0	6339	2873	inf	0.0345328	0.262074	NA
GO:1903979	9	0	6339	2873	inf	0.0345328	0.262074	NA
GO:2000123	9	0	6339	2873	inf	0.0345328	0.262074	NA
GO:0043231	24	4	6339	2873	2.72589	0.0356974	0.269867	NA
GO:0030424	13	1	6339	2873	5.90199	0.0390985	0.293314	NA
GO:0048019	13	1	6339	2873	5.90199	0.0390985	0.293314	NA
GO:0003924	47	12	6339	2873	1.78093	0.0442969	0.331043	NA
GO:0016042	98	31	6339	2873	1.43957	0.0449554	0.334687	NA
GO:0004601	52	14	6339	2873	1.68906	0.0488661	0.347346	NA
GO:0000398	8	0	6339	2873	inf	0.0502037	0.347346	NA
GO:0001558	8	0	6339	2873	inf	0.0502037	0.347346	NA
GO:0004521	8	0	6339	2873	inf	0.0502037	0.347346	NA
GO:0004725	8	0	6339	2873	inf	0.0502037	0.347346	NA
GO:0005762	8	0	6339	2873	inf	0.0502037	0.347346	NA
GO:0005813	8	0	6339	2873	inf	0.0502037	0.347346	NA
GO:0008010	8	0	6339	2873	inf	0.0502037	0.347346	NA
GO:0009512	8	0	6339	2873	inf	0.0502037	0.347346	NA
GO:0018279	8	0	6339	2873	inf	0.0502037	0.347346	NA
GO:0030286	8	0	6339	2873	inf	0.0502037	0.347346	NA
GO:0035036	8	0	6339	2873	inf	0.0502037	0.347346	NA
GO:0042773	8	0	6339	2873	inf	0.0502037	0.347346	NA
GO:0043462	8	0	6339	2873	inf	0.0502037	0.347346	NA
GO:0046873	8	0	6339	2873	inf	0.0502037	0.347346	NA
GO:0046933	8	0	6339	2873	inf	0.0502037	0.347346	NA
GO:0050840	8	0	6339	2873	inf	0.0502037	0.347346	NA
GO:0062129	8	0	6339	2873	inf	0.0502037	0.347346	NA
GO:0070181	8	0	6339	2873	inf	0.0502037	0.347346	NA
GO:0071555	8	0	6339	2873	inf	0.0502037	0.347346	NA
GO:0000062	12	1	6339	2873	5.44713	0.053339	0.366449	NA
GO:0005201	12	1	6339	2873	5.44713	0.053339	0.366449	NA
GO:0007631	34	8	6339	2873	1.93121	0.0579559	0.396775	NA
GO:0019825	48	13	6339	2873	1.67859	0.0592859	0.404466	NA
GO:0003676	82	26	6339	2873	1.43503	0.0643058	0.43719	NA
GO:0001669	18	3	6339	2873	2.72425	0.0689839	0.441049	NA
GO:0005764	18	3	6339	2873	2.72425	0.0689839	0.441049	NA
GO:0062023	18	3	6339	2873	2.72425	0.0689839	0.441049	NA
GO:0005744	24	5	6339	2873	2.17995	0.0724335	0.441049	NA
GO:0000977	7	0	6339	2873	inf	0.0729825	0.441049	NA
GO:0005375	7	0	6339	2873	inf	0.0729825	0.441049	NA
GO:0005579	7	0	6339	2873	inf	0.0729825	0.441049	NA
GO:0005768	7	0	6339	2873	inf	0.0729825	0.441049	NA
GO:0006465	7	0	6339	2873	inf	0.0729825	0.441049	NA
GO:0007286	7	0	6339	2873	inf	0.0729825	0.441049	NA
GO:0007623	7	0	6339	2873	inf	0.0729825	0.441049	NA
GO:0008380	7	0	6339	2873	inf	0.0729825	0.441049	NA
GO:0009555	7	0	6339	2873	inf	0.0729825	0.441049	NA
GO:0009636	7	0	6339	2873	inf	0.0729825	0.441049	NA
GO:0009846	7	0	6339	2873	inf	0.0729825	0.441049	NA
GO:0009860	7	0	6339	2873	inf	0.0729825	0.441049	NA
GO:0009898	7	0	6339	2873	inf	0.0729825	0.441049	NA
GO:0016477	7	0	6339	2873	inf	0.0729825	0.441049	NA
GO:0016757	7	0	6339	2873	inf	0.0729825	0.441049	NA
GO:0030250	7	0	6339	2873	inf	0.0729825	0.441049	NA
GO:0031554	7	0	6339	2873	inf	0.0729825	0.441049	NA
GO:0031556	7	0	6339	2873	inf	0.0729825	0.441049	NA
GO:0031763	7	0	6339	2873	inf	0.0729825	0.441049	NA
GO:0033628	7	0	6339	2873	inf	0.0729825	0.441049	NA
GO:0035434	7	0	6339	2873	inf	0.0729825	0.441049	NA
GO:0039706	7	0	6339	2873	inf	0.0729825	0.441049	NA
GO:0042254	7	0	6339	2873	inf	0.0729825	0.441049	NA
GO:0042302	7	0	6339	2873	inf	0.0729825	0.441049	NA
GO:0042543	7	0	6339	2873	inf	0.0729825	0.441049	NA
GO:0042776	7	0	6339	2873	inf	0.0729825	0.441049	NA
GO:0043065	7	0	6339	2873	inf	0.0729825	0.441049	NA
GO:0048364	7	0	6339	2873	inf	0.0729825	0.441049	NA
GO:0052793	7	0	6339	2873	inf	0.0729825	0.441049	NA
GO:0090090	7	0	6339	2873	inf	0.0729825	0.441049	NA
GO:1900004	7	0	6339	2873	inf	0.0729825	0.441049	NA
GO:2000253	7	0	6339	2873	inf	0.0729825	0.441049	NA
GO:0005771	10	1	6339	2873	4.53784	0.0979105	0.572251	NA
GO:0006325	10	1	6339	2873	4.53784	0.0979105	0.572251	NA
GO:0006631	10	1	6339	2873	4.53784	0.0979105	0.572251	NA
GO:0031994	10	1	6339	2873	4.53784	0.0979105	0.572251	NA
GO:0031995	10	1	6339	2873	4.53784	0.0979105	0.572251	NA
GO:0043567	10	1	6339	2873	4.53784	0.0979105	0.572251	NA
GO:0000902	6	0	6339	2873	inf	0.106091	0.572251	NA
GO:0001671	6	0	6339	2873	inf	0.106091	0.572251	NA
GO:0005200	6	0	6339	2873	inf	0.106091	0.572251	NA
GO:0005507	6	0	6339	2873	inf	0.106091	0.572251	NA
GO:0005753	6	0	6339	2873	inf	0.106091	0.572251	NA
GO:0005761	6	0	6339	2873	inf	0.106091	0.572251	NA
GO:0005763	6	0	6339	2873	inf	0.106091	0.572251	NA
GO:0005765	6	0	6339	2873	inf	0.106091	0.572251	NA
GO:0005882	6	0	6339	2873	inf	0.106091	0.572251	NA
GO:0006123	6	0	6339	2873	inf	0.106091	0.572251	NA
GO:0006506	6	0	6339	2873	inf	0.106091	0.572251	NA
GO:0006850	6	0	6339	2873	inf	0.106091	0.572251	NA
GO:0006874	6	0	6339	2873	inf	0.106091	0.572251	NA
GO:0007160	6	0	6339	2873	inf	0.106091	0.572251	NA
GO:0007204	6	0	6339	2873	inf	0.106091	0.572251	NA
GO:0008017	6	0	6339	2873	inf	0.106091	0.572251	NA
GO:0010098	6	0	6339	2873	inf	0.106091	0.572251	NA
GO:0015935	6	0	6339	2873	inf	0.106091	0.572251	NA
GO:0019867	6	0	6339	2873	inf	0.106091	0.572251	NA
GO:0032094	6	0	6339	2873	inf	0.106091	0.572251	NA
GO:0032981	6	0	6339	2873	inf	0.106091	0.572251	NA
GO:0033185	6	0	6339	2873	inf	0.106091	0.572251	NA
GO:0042721	6	0	6339	2873	inf	0.106091	0.572251	NA
GO:0043066	6	0	6339	2873	inf	0.106091	0.572251	NA
GO:0044306	6	0	6339	2873	inf	0.106091	0.572251	NA
GO:0045277	6	0	6339	2873	inf	0.106091	0.572251	NA
GO:0050728	6	0	6339	2873	inf	0.106091	0.572251	NA
GO:0051015	6	0	6339	2873	inf	0.106091	0.572251	NA
GO:0071542	6	0	6339	2873	inf	0.106091	0.572251	NA
GO:0071944	6	0	6339	2873	inf	0.106091	0.572251	NA
GO:1901371	6	0	6339	2873	inf	0.106091	0.572251	NA
GO:1902025	6	0	6339	2873	inf	0.106091	0.572251	NA
GO:2000280	6	0	6339	2873	inf	0.106091	0.572251	NA
GO:0004540	86	30	6339	2873	1.30336	0.125144	0.673167	NA
GO:0031841	24	6	6339	2873	1.81599	0.127888	0.686038	NA
GO:0006729	9	1	6339	2873	4.08341	0.131557	0.694309	NA
GO:0008124	9	1	6339	2873	4.08341	0.131557	0.694309	NA
GO:0016787	9	1	6339	2873	4.08341	0.131557	0.694309	NA
GO:0031716	9	1	6339	2873	4.08341	0.131557	0.694309	NA
GO:0043123	9	1	6339	2873	4.08341	0.131557	0.694309	NA
GO:0051480	9	1	6339	2873	4.08341	0.131557	0.694309	NA
GO:0000785	12	2	6339	2873	2.72262	0.138782	0.703843	NA
GO:0007342	15	3	6339	2873	2.26913	0.139239	0.703843	NA
GO:0004623	87	31	6339	2873	1.27574	0.144082	0.703843	NA
GO:0000105	5	0	6339	2873	inf	0.154213	0.703843	NA
GO:0000302	5	0	6339	2873	inf	0.154213	0.703843	NA
GO:0000815	5	0	6339	2873	inf	0.154213	0.703843	NA
GO:0001405	5	0	6339	2873	inf	0.154213	0.703843	NA
GO:0002020	5	0	6339	2873	inf	0.154213	0.703843	NA
GO:0002161	5	0	6339	2873	inf	0.154213	0.703843	NA
GO:0003743	5	0	6339	2873	inf	0.154213	0.703843	NA
GO:0004714	5	0	6339	2873	inf	0.154213	0.703843	NA
GO:0005159	5	0	6339	2873	inf	0.154213	0.703843	NA
GO:0005787	5	0	6339	2873	inf	0.154213	0.703843	NA
GO:0006364	5	0	6339	2873	inf	0.154213	0.703843	NA
GO:0006900	5	0	6339	2873	inf	0.154213	0.703843	NA
GO:0006974	5	0	6339	2873	inf	0.154213	0.703843	NA
GO:0007034	5	0	6339	2873	inf	0.154213	0.703843	NA
GO:0007169	5	0	6339	2873	inf	0.154213	0.703843	NA
GO:0007193	5	0	6339	2873	inf	0.154213	0.703843	NA
GO:0007229	5	0	6339	2873	inf	0.154213	0.703843	NA
GO:0007420	5	0	6339	2873	inf	0.154213	0.703843	NA
GO:0008045	5	0	6339	2873	inf	0.154213	0.703843	NA
GO:0008234	5	0	6339	2873	inf	0.154213	0.703843	NA
GO:0008255	5	0	6339	2873	inf	0.154213	0.703843	NA
GO:0008305	5	0	6339	2873	inf	0.154213	0.703843	NA
GO:0009088	5	0	6339	2873	inf	0.154213	0.703843	NA
GO:0009658	5	0	6339	2873	inf	0.154213	0.703843	NA
GO:0010027	5	0	6339	2873	inf	0.154213	0.703843	NA
GO:0010374	5	0	6339	2873	inf	0.154213	0.703843	NA
GO:0015918	5	0	6339	2873	inf	0.154213	0.703843	NA
GO:0016055	5	0	6339	2873	inf	0.154213	0.703843	NA
GO:0016322	5	0	6339	2873	inf	0.154213	0.703843	NA
GO:0016531	5	0	6339	2873	inf	0.154213	0.703843	NA
GO:0018990	5	0	6339	2873	inf	0.154213	0.703843	NA
GO:0019843	5	0	6339	2873	inf	0.154213	0.703843	NA
GO:0030020	5	0	6339	2873	inf	0.154213	0.703843	NA
GO:0030169	5	0	6339	2873	inf	0.154213	0.703843	NA
GO:0030178	5	0	6339	2873	inf	0.154213	0.703843	NA
GO:0030182	5	0	6339	2873	inf	0.154213	0.703843	NA
GO:0030532	5	0	6339	2873	inf	0.154213	0.703843	NA
GO:0030943	5	0	6339	2873	inf	0.154213	0.703843	NA
GO:0031861	5	0	6339	2873	inf	0.154213	0.703843	NA
GO:0032934	5	0	6339	2873	inf	0.154213	0.703843	NA
GO:0033627	5	0	6339	2873	inf	0.154213	0.703843	NA
GO:0033674	5	0	6339	2873	inf	0.154213	0.703843	NA
GO:0034551	5	0	6339	2873	inf	0.154213	0.703843	NA
GO:0042910	5	0	6339	2873	inf	0.154213	0.703843	NA
GO:0042981	5	0	6339	2873	inf	0.154213	0.703843	NA
GO:0043434	5	0	6339	2873	inf	0.154213	0.703843	NA
GO:0043952	5	0	6339	2873	inf	0.154213	0.703843	NA
GO:0045047	5	0	6339	2873	inf	0.154213	0.703843	NA
GO:0046910	5	0	6339	2873	inf	0.154213	0.703843	NA
GO:0051045	5	0	6339	2873	inf	0.154213	0.703843	NA
GO:0051537	5	0	6339	2873	inf	0.154213	0.703843	NA
GO:0051897	5	0	6339	2873	inf	0.154213	0.703843	NA
GO:0080143	5	0	6339	2873	inf	0.154213	0.703843	NA
GO:0090304	5	0	6339	2873	inf	0.154213	0.703843	NA
GO:1903575	5	0	6339	2873	inf	0.154213	0.703843	NA
GO:0036126	17	4	6339	2873	1.9287	0.167385	0.762188	NA
GO:0020037	63	22	6339	2873	1.30086	0.173205	0.786855	NA
GO:0005518	8	1	6339	2873	3.62913	0.175571	0.793922	NA
GO:0050786	8	1	6339	2873	3.62913	0.175571	0.793922	NA
GO:0000122	4	0	6339	2873	inf	0.22415	0.820053	NA
GO:0000793	4	0	6339	2873	inf	0.22415	0.820053	NA
GO:0001054	4	0	6339	2873	inf	0.22415	0.820053	NA
GO:0001056	4	0	6339	2873	inf	0.22415	0.820053	NA
GO:0001568	4	0	6339	2873	inf	0.22415	0.820053	NA
GO:0003100	4	0	6339	2873	inf	0.22415	0.820053	NA
GO:0005109	4	0	6339	2873	inf	0.22415	0.820053	NA
GO:0005158	4	0	6339	2873	inf	0.22415	0.820053	NA
GO:0005666	4	0	6339	2873	inf	0.22415	0.820053	NA
GO:0005686	4	0	6339	2873	inf	0.22415	0.820053	NA
GO:0005736	4	0	6339	2873	inf	0.22415	0.820053	NA
GO:0005746	4	0	6339	2873	inf	0.22415	0.820053	NA
GO:0005786	4	0	6339	2873	inf	0.22415	0.820053	NA
GO:0006120	4	0	6339	2873	inf	0.22415	0.820053	NA
GO:0006281	4	0	6339	2873	inf	0.22415	0.820053	NA
GO:0006399	4	0	6339	2873	inf	0.22415	0.820053	NA
GO:0006413	4	0	6339	2873	inf	0.22415	0.820053	NA
GO:0006614	4	0	6339	2873	inf	0.22415	0.820053	NA
GO:0006887	4	0	6339	2873	inf	0.22415	0.820053	NA
GO:0006915	4	0	6339	2873	inf	0.22415	0.820053	NA
GO:0006970	4	0	6339	2873	inf	0.22415	0.820053	NA
GO:0006995	4	0	6339	2873	inf	0.22415	0.820053	NA
GO:0007399	4	0	6339	2873	inf	0.22415	0.820053	NA
GO:0007548	4	0	6339	2873	inf	0.22415	0.820053	NA
GO:0007610	4	0	6339	2873	inf	0.22415	0.820053	NA
GO:0008033	4	0	6339	2873	inf	0.22415	0.820053	NA
GO:0008168	4	0	6339	2873	inf	0.22415	0.820053	NA
GO:0008528	4	0	6339	2873	inf	0.22415	0.820053	NA
GO:0010052	4	0	6339	2873	inf	0.22415	0.820053	NA
GO:0010227	4	0	6339	2873	inf	0.22415	0.820053	NA
GO:0010575	4	0	6339	2873	inf	0.22415	0.820053	NA
GO:0010759	4	0	6339	2873	inf	0.22415	0.820053	NA
GO:0012505	4	0	6339	2873	inf	0.22415	0.820053	NA
GO:0014826	4	0	6339	2873	inf	0.22415	0.820053	NA
GO:0015627	4	0	6339	2873	inf	0.22415	0.820053	NA
GO:0015628	4	0	6339	2873	inf	0.22415	0.820053	NA
GO:0019229	4	0	6339	2873	inf	0.22415	0.820053	NA
GO:0022900	4	0	6339	2873	inf	0.22415	0.820053	NA
GO:0030036	4	0	6339	2873	inf	0.22415	0.820053	NA
GO:0030155	4	0	6339	2873	inf	0.22415	0.820053	NA
GO:0030515	4	0	6339	2873	inf	0.22415	0.820053	NA
GO:0030728	4	0	6339	2873	inf	0.22415	0.820053	NA
GO:0031708	4	0	6339	2873	inf	0.22415	0.820053	NA
GO:0031835	4	0	6339	2873	inf	0.22415	0.820053	NA
GO:0031854	4	0	6339	2873	inf	0.22415	0.820053	NA
GO:0034097	4	0	6339	2873	inf	0.22415	0.820053	NA
GO:0034198	4	0	6339	2873	inf	0.22415	0.820053	NA
GO:0035723	4	0	6339	2873	inf	0.22415	0.820053	NA
GO:0042010	4	0	6339	2873	inf	0.22415	0.820053	NA
GO:0044183	4	0	6339	2873	inf	0.22415	0.820053	NA
GO:0045263	4	0	6339	2873	inf	0.22415	0.820053	NA
GO:0045332	4	0	6339	2873	inf	0.22415	0.820053	NA
GO:0045667	4	0	6339	2873	inf	0.22415	0.820053	NA
GO:0045879	4	0	6339	2873	inf	0.22415	0.820053	NA
GO:0045892	4	0	6339	2873	inf	0.22415	0.820053	NA
GO:0045893	4	0	6339	2873	inf	0.22415	0.820053	NA
GO:0046849	4	0	6339	2873	inf	0.22415	0.820053	NA
GO:0048500	4	0	6339	2873	inf	0.22415	0.820053	NA
GO:0048706	4	0	6339	2873	inf	0.22415	0.820053	NA
GO:0050776	4	0	6339	2873	inf	0.22415	0.820053	NA
GO:0051499	4	0	6339	2873	inf	0.22415	0.820053	NA
GO:0051500	4	0	6339	2873	inf	0.22415	0.820053	NA
GO:0051968	4	0	6339	2873	inf	0.22415	0.820053	NA
GO:0060170	4	0	6339	2873	inf	0.22415	0.820053	NA
GO:0060585	4	0	6339	2873	inf	0.22415	0.820053	NA
GO:0070996	4	0	6339	2873	inf	0.22415	0.820053	NA
GO:0071011	4	0	6339	2873	inf	0.22415	0.820053	NA
GO:1990050	4	0	6339	2873	inf	0.22415	0.820053	NA
GO:1990138	4	0	6339	2873	inf	0.22415	0.820053	NA
GO:1990961	4	0	6339	2873	inf	0.22415	0.820053	NA
GO:0004222	10	2	6339	2873	2.26813	0.225223	0.820053	NA
GO:0036094	10	2	6339	2873	2.26813	0.225223	0.820053	NA
GO:0010466	18	5	6339	2873	1.63341	0.229643	0.820053	NA
GO:0042803	7	1	6339	2873	3.17498	0.232434	0.820053	NA
GO:0046914	15	4	6339	2873	1.70126	0.245558	0.820053	NA
GO:0048306	35	12	6339	2873	1.3237	0.251467	0.820053	NA
GO:0006644	74	29	6339	2873	1.15836	0.290579	0.820053	NA
GO:0004866	14	4	6339	2873	1.58759	0.293784	0.820053	NA
GO:0006935	14	4	6339	2873	1.58759	0.293784	0.820053	NA
GO:0004674	6	1	6339	2873	2.72099	0.304745	0.820053	NA
GO:0006351	6	1	6339	2873	2.72099	0.304745	0.820053	NA
GO:0008191	6	1	6339	2873	2.72099	0.304745	0.820053	NA
GO:0009733	6	1	6339	2873	2.72099	0.304745	0.820053	NA
GO:0006334	16	5	6339	2873	1.45146	0.319191	0.820053	NA
GO:0046848	11	3	6339	2873	1.66298	0.319687	0.820053	NA
GO:0050994	11	3	6339	2873	1.66298	0.319687	0.820053	NA
GO:0000287	3	0	6339	2873	inf	0.325789	0.820053	NA
GO:0000463	3	0	6339	2873	inf	0.325789	0.820053	NA
GO:0000976	3	0	6339	2873	inf	0.325789	0.820053	NA
GO:0001228	3	0	6339	2873	inf	0.325789	0.820053	NA
GO:0001503	3	0	6339	2873	inf	0.325789	0.820053	NA
GO:0001522	3	0	6339	2873	inf	0.325789	0.820053	NA
GO:0001580	3	0	6339	2873	inf	0.325789	0.820053	NA
GO:0001659	3	0	6339	2873	inf	0.325789	0.820053	NA
GO:0001666	3	0	6339	2873	inf	0.325789	0.820053	NA
GO:0001932	3	0	6339	2873	inf	0.325789	0.820053	NA
GO:0001934	3	0	6339	2873	inf	0.325789	0.820053	NA
GO:0001938	3	0	6339	2873	inf	0.325789	0.820053	NA
GO:0002040	3	0	6339	2873	inf	0.325789	0.820053	NA
GO:0002155	3	0	6339	2873	inf	0.325789	0.820053	NA
GO:0002223	3	0	6339	2873	inf	0.325789	0.820053	NA
GO:0003777	3	0	6339	2873	inf	0.325789	0.820053	NA
GO:0003779	3	0	6339	2873	inf	0.325789	0.820053	NA
GO:0004175	3	0	6339	2873	inf	0.325789	0.820053	NA
GO:0004722	3	0	6339	2873	inf	0.325789	0.820053	NA
GO:0004843	3	0	6339	2873	inf	0.325789	0.820053	NA
GO:0004879	3	0	6339	2873	inf	0.325789	0.820053	NA
GO:0005041	3	0	6339	2873	inf	0.325789	0.820053	NA
GO:0005171	3	0	6339	2873	inf	0.325789	0.820053	NA
GO:0005172	3	0	6339	2873	inf	0.325789	0.820053	NA
GO:0005253	3	0	6339	2873	inf	0.325789	0.820053	NA
GO:0005385	3	0	6339	2873	inf	0.325789	0.820053	NA
GO:0005516	3	0	6339	2873	inf	0.325789	0.820053	NA
GO:0005635	3	0	6339	2873	inf	0.325789	0.820053	NA
GO:0005689	3	0	6339	2873	inf	0.325789	0.820053	NA
GO:0005784	3	0	6339	2873	inf	0.325789	0.820053	NA
GO:0005874	3	0	6339	2873	inf	0.325789	0.820053	NA
GO:0006812	3	0	6339	2873	inf	0.325789	0.820053	NA
GO:0006813	3	0	6339	2873	inf	0.325789	0.820053	NA
GO:0006882	3	0	6339	2873	inf	0.325789	0.820053	NA
GO:0006919	3	0	6339	2873	inf	0.325789	0.820053	NA
GO:0007190	3	0	6339	2873	inf	0.325789	0.820053	NA
GO:0007368	3	0	6339	2873	inf	0.325789	0.820053	NA
GO:0007605	3	0	6339	2873	inf	0.325789	0.820053	NA
GO:0008016	3	0	6339	2873	inf	0.325789	0.820053	NA
GO:0008097	3	0	6339	2873	inf	0.325789	0.820053	NA
GO:0008312	3	0	6339	2873	inf	0.325789	0.820053	NA
GO:0008324	3	0	6339	2873	inf	0.325789	0.820053	NA
GO:0008630	3	0	6339	2873	inf	0.325789	0.820053	NA
GO:0008982	3	0	6339	2873	inf	0.325789	0.820053	NA
GO:0009401	3	0	6339	2873	inf	0.325789	0.820053	NA
GO:0009432	3	0	6339	2873	inf	0.325789	0.820053	NA
GO:0009535	3	0	6339	2873	inf	0.325789	0.820053	NA
GO:0009567	3	0	6339	2873	inf	0.325789	0.820053	NA
GO:0009734	3	0	6339	2873	inf	0.325789	0.820053	NA
GO:0009736	3	0	6339	2873	inf	0.325789	0.820053	NA
GO:0009737	3	0	6339	2873	inf	0.325789	0.820053	NA
GO:0009790	3	0	6339	2873	inf	0.325789	0.820053	NA
GO:0009887	3	0	6339	2873	inf	0.325789	0.820053	NA
GO:0009952	3	0	6339	2873	inf	0.325789	0.820053	NA
GO:0010256	3	0	6339	2873	inf	0.325789	0.820053	NA
GO:0010427	3	0	6339	2873	inf	0.325789	0.820053	NA
GO:0010508	3	0	6339	2873	inf	0.325789	0.820053	NA
GO:0010997	3	0	6339	2873	inf	0.325789	0.820053	NA
GO:0014909	3	0	6339	2873	inf	0.325789	0.820053	NA
GO:0015450	3	0	6339	2873	inf	0.325789	0.820053	NA
GO:0015491	3	0	6339	2873	inf	0.325789	0.820053	NA
GO:0015630	3	0	6339	2873	inf	0.325789	0.820053	NA
GO:0016409	3	0	6339	2873	inf	0.325789	0.820053	NA
GO:0016460	3	0	6339	2873	inf	0.325789	0.820053	NA
GO:0016529	3	0	6339	2873	inf	0.325789	0.820053	NA
GO:0016579	3	0	6339	2873	inf	0.325789	0.820053	NA
GO:0016616	3	0	6339	2873	inf	0.325789	0.820053	NA
GO:0019899	3	0	6339	2873	inf	0.325789	0.820053	NA
GO:0022611	3	0	6339	2873	inf	0.325789	0.820053	NA
GO:0022618	3	0	6339	2873	inf	0.325789	0.820053	NA
GO:0030431	3	0	6339	2873	inf	0.325789	0.820053	NA
GO:0030667	3	0	6339	2873	inf	0.325789	0.820053	NA
GO:0030677	3	0	6339	2873	inf	0.325789	0.820053	NA
GO:0031118	3	0	6339	2873	inf	0.325789	0.820053	NA
GO:0031120	3	0	6339	2873	inf	0.325789	0.820053	NA
GO:0031297	3	0	6339	2873	inf	0.325789	0.820053	NA
GO:0031429	3	0	6339	2873	inf	0.325789	0.820053	NA
GO:0031771	3	0	6339	2873	inf	0.325789	0.820053	NA
GO:0031772	3	0	6339	2873	inf	0.325789	0.820053	NA
GO:0033130	3	0	6339	2873	inf	0.325789	0.820053	NA
GO:0034109	3	0	6339	2873	inf	0.325789	0.820053	NA
GO:0034553	3	0	6339	2873	inf	0.325789	0.820053	NA
GO:0034599	3	0	6339	2873	inf	0.325789	0.820053	NA
GO:0035275	3	0	6339	2873	inf	0.325789	0.820053	NA
GO:0035721	3	0	6339	2873	inf	0.325789	0.820053	NA
GO:0035725	3	0	6339	2873	inf	0.325789	0.820053	NA
GO:0036122	3	0	6339	2873	inf	0.325789	0.820053	NA
GO:0036211	3	0	6339	2873	inf	0.325789	0.820053	NA
GO:0038084	3	0	6339	2873	inf	0.325789	0.820053	NA
GO:0038092	3	0	6339	2873	inf	0.325789	0.820053	NA
GO:0038100	3	0	6339	2873	inf	0.325789	0.820053	NA
GO:0042048	3	0	6339	2873	inf	0.325789	0.820053	NA
GO:0042246	3	0	6339	2873	inf	0.325789	0.820053	NA
GO:0042269	3	0	6339	2873	inf	0.325789	0.820053	NA
GO:0042549	3	0	6339	2873	inf	0.325789	0.820053	NA
GO:0042755	3	0	6339	2873	inf	0.325789	0.820053	NA
GO:0043001	3	0	6339	2873	inf	0.325789	0.820053	NA
GO:0043022	3	0	6339	2873	inf	0.325789	0.820053	NA
GO:0043433	3	0	6339	2873	inf	0.325789	0.820053	NA
GO:0045217	3	0	6339	2873	inf	0.325789	0.820053	NA
GO:0045766	3	0	6339	2873	inf	0.325789	0.820053	NA
GO:0045900	3	0	6339	2873	inf	0.325789	0.820053	NA
GO:0046928	3	0	6339	2873	inf	0.325789	0.820053	NA
GO:0048009	3	0	6339	2873	inf	0.325789	0.820053	NA
GO:0048010	3	0	6339	2873	inf	0.325789	0.820053	NA
GO:0050482	3	0	6339	2873	inf	0.325789	0.820053	NA
GO:0050930	3	0	6339	2873	inf	0.325789	0.820053	NA
GO:0051087	3	0	6339	2873	inf	0.325789	0.820053	NA
GO:0051276	3	0	6339	2873	inf	0.325789	0.820053	NA
GO:0051400	3	0	6339	2873	inf	0.325789	0.820053	NA
GO:0051971	3	0	6339	2873	inf	0.325789	0.820053	NA
GO:0060070	3	0	6339	2873	inf	0.325789	0.820053	NA
GO:0060754	3	0	6339	2873	inf	0.325789	0.820053	NA
GO:0065002	3	0	6339	2873	inf	0.325789	0.820053	NA
GO:0070034	3	0	6339	2873	inf	0.325789	0.820053	NA
GO:0070328	3	0	6339	2873	inf	0.325789	0.820053	NA
GO:0070697	3	0	6339	2873	inf	0.325789	0.820053	NA
GO:0072683	3	0	6339	2873	inf	0.325789	0.820053	NA
GO:0080155	3	0	6339	2873	inf	0.325789	0.820053	NA
GO:0090575	3	0	6339	2873	inf	0.325789	0.820053	NA
GO:0097192	3	0	6339	2873	inf	0.325789	0.820053	NA
GO:0110135	3	0	6339	2873	inf	0.325789	0.820053	NA
GO:1902204	3	0	6339	2873	inf	0.325789	0.820053	NA
GO:1903955	3	0	6339	2873	inf	0.325789	0.820053	NA
GO:1904874	3	0	6339	2873	inf	0.325789	0.820053	NA
GO:2000008	3	0	6339	2873	inf	0.325789	0.820053	NA
GO:2000391	3	0	6339	2873	inf	0.325789	0.820053	NA
GO:0005543	72	29	6339	2873	1.12669	0.337005	0.820053	NA
GO:0047498	72	29	6339	2873	1.12669	0.337005	0.820053	NA
GO:0031492	13	4	6339	2873	1.47396	0.348299	0.820053	NA
GO:0004190	8	2	6339	2873	1.81393	0.351628	0.820053	NA
GO:0007189	20	7	6339	2873	1.29587	0.359769	0.820053	NA
GO:0030141	29	11	6339	2873	1.19576	0.376931	0.820053	NA
GO:0098609	10	3	6339	2873	1.51156	0.384142	0.820053	NA
GO:0001968	5	1	6339	2873	2.26713	0.39482	0.820053	NA
GO:0003899	5	1	6339	2873	2.26713	0.39482	0.820053	NA
GO:0006470	5	1	6339	2873	2.26713	0.39482	0.820053	NA
GO:0007179	5	1	6339	2873	2.26713	0.39482	0.820053	NA
GO:0007417	5	1	6339	2873	2.26713	0.39482	0.820053	NA
GO:0010033	5	1	6339	2873	2.26713	0.39482	0.820053	NA
GO:0030425	5	1	6339	2873	2.26713	0.39482	0.820053	NA
GO:0034361	5	1	6339	2873	2.26713	0.39482	0.820053	NA
GO:0034364	5	1	6339	2873	2.26713	0.39482	0.820053	NA
GO:0035375	5	1	6339	2873	2.26713	0.39482	0.820053	NA
GO:0045954	5	1	6339	2873	2.26713	0.39482	0.820053	NA
GO:0050431	5	1	6339	2873	2.26713	0.39482	0.820053	NA
GO:0050714	5	1	6339	2873	2.26713	0.39482	0.820053	NA
GO:0003073	7	2	6339	2873	1.58694	0.431454	0.820053	NA
GO:0045926	9	3	6339	2873	1.36019	0.456196	0.820053	NA
GO:0000035	2	0	6339	2873	inf	0.473492	0.820053	NA
GO:0000036	2	0	6339	2873	inf	0.473492	0.820053	NA
GO:0000049	2	0	6339	2873	inf	0.473492	0.820053	NA
GO:0000123	2	0	6339	2873	inf	0.473492	0.820053	NA
GO:0000149	2	0	6339	2873	inf	0.473492	0.820053	NA
GO:0000266	2	0	6339	2873	inf	0.473492	0.820053	NA
GO:0000276	2	0	6339	2873	inf	0.473492	0.820053	NA
GO:0000413	2	0	6339	2873	inf	0.473492	0.820053	NA
GO:0000422	2	0	6339	2873	inf	0.473492	0.820053	NA
GO:0000492	2	0	6339	2873	inf	0.473492	0.820053	NA
GO:0000712	2	0	6339	2873	inf	0.473492	0.820053	NA
GO:0000724	2	0	6339	2873	inf	0.473492	0.820053	NA
GO:0000974	2	0	6339	2873	inf	0.473492	0.820053	NA
GO:0001099	2	0	6339	2873	inf	0.473492	0.820053	NA
GO:0001227	2	0	6339	2873	inf	0.473492	0.820053	NA
GO:0001731	2	0	6339	2873	inf	0.473492	0.820053	NA
GO:0001775	2	0	6339	2873	inf	0.473492	0.820053	NA
GO:0001848	2	0	6339	2873	inf	0.473492	0.820053	NA
GO:0001916	2	0	6339	2873	inf	0.473492	0.820053	NA
GO:0001971	2	0	6339	2873	inf	0.473492	0.820053	NA
GO:0002079	2	0	6339	2873	inf	0.473492	0.820053	NA
GO:0002182	2	0	6339	2873	inf	0.473492	0.820053	NA
GO:0002244	2	0	6339	2873	inf	0.473492	0.820053	NA
GO:0002250	2	0	6339	2873	inf	0.473492	0.820053	NA
GO:0003697	2	0	6339	2873	inf	0.473492	0.820053	NA
GO:0003712	2	0	6339	2873	inf	0.473492	0.820053	NA
GO:0003755	2	0	6339	2873	inf	0.473492	0.820053	NA
GO:0004197	2	0	6339	2873	inf	0.473492	0.820053	NA
GO:0004364	2	0	6339	2873	inf	0.473492	0.820053	NA
GO:0004402	2	0	6339	2873	inf	0.473492	0.820053	NA
GO:0004526	2	0	6339	2873	inf	0.473492	0.820053	NA
GO:0004602	2	0	6339	2873	inf	0.473492	0.820053	NA
GO:0004803	2	0	6339	2873	inf	0.473492	0.820053	NA
GO:0004932	2	0	6339	2873	inf	0.473492	0.820053	NA
GO:0005031	2	0	6339	2873	inf	0.473492	0.820053	NA
GO:0005085	2	0	6339	2873	inf	0.473492	0.820053	NA
GO:0005133	2	0	6339	2873	inf	0.473492	0.820053	NA
GO:0005245	2	0	6339	2873	inf	0.473492	0.820053	NA
GO:0005496	2	0	6339	2873	inf	0.473492	0.820053	NA
GO:0005525	2	0	6339	2873	inf	0.473492	0.820053	NA
GO:0005643	2	0	6339	2873	inf	0.473492	0.820053	NA
GO:0005667	2	0	6339	2873	inf	0.473492	0.820053	NA
GO:0005681	2	0	6339	2873	inf	0.473492	0.820053	NA
GO:0005694	2	0	6339	2873	inf	0.473492	0.820053	NA
GO:0005751	2	0	6339	2873	inf	0.473492	0.820053	NA
GO:0005759	2	0	6339	2873	inf	0.473492	0.820053	NA
GO:0005777	2	0	6339	2873	inf	0.473492	0.820053	NA
GO:0005788	2	0	6339	2873	inf	0.473492	0.820053	NA
GO:0005811	2	0	6339	2873	inf	0.473492	0.820053	NA
GO:0005839	2	0	6339	2873	inf	0.473492	0.820053	NA
GO:0005856	2	0	6339	2873	inf	0.473492	0.820053	NA
GO:0005884	2	0	6339	2873	inf	0.473492	0.820053	NA
GO:0005930	2	0	6339	2873	inf	0.473492	0.820053	NA
GO:0006268	2	0	6339	2873	inf	0.473492	0.820053	NA
GO:0006310	2	0	6339	2873	inf	0.473492	0.820053	NA
GO:0006313	2	0	6339	2873	inf	0.473492	0.820053	NA
GO:0006368	2	0	6339	2873	inf	0.473492	0.820053	NA
GO:0006378	2	0	6339	2873	inf	0.473492	0.820053	NA
GO:0006487	2	0	6339	2873	inf	0.473492	0.820053	NA
GO:0006612	2	0	6339	2873	inf	0.473492	0.820053	NA
GO:0006627	2	0	6339	2873	inf	0.473492	0.820053	NA
GO:0006679	2	0	6339	2873	inf	0.473492	0.820053	NA
GO:0006689	2	0	6339	2873	inf	0.473492	0.820053	NA
GO:0006811	2	0	6339	2873	inf	0.473492	0.820053	NA
GO:0006825	2	0	6339	2873	inf	0.473492	0.820053	NA
GO:0006878	2	0	6339	2873	inf	0.473492	0.820053	NA
GO:0007339	2	0	6339	2873	inf	0.473492	0.820053	NA
GO:0007613	2	0	6339	2873	inf	0.473492	0.820053	NA
GO:0008053	2	0	6339	2873	inf	0.473492	0.820053	NA
GO:0008080	2	0	6339	2873	inf	0.473492	0.820053	NA
GO:0008120	2	0	6339	2873	inf	0.473492	0.820053	NA
GO:0008137	2	0	6339	2873	inf	0.473492	0.820053	NA
GO:0008138	2	0	6339	2873	inf	0.473492	0.820053	NA
GO:0008195	2	0	6339	2873	inf	0.473492	0.820053	NA
GO:0008236	2	0	6339	2873	inf	0.473492	0.820053	NA
GO:0008277	2	0	6339	2873	inf	0.473492	0.820053	NA
GO:0009082	2	0	6339	2873	inf	0.473492	0.820053	NA
GO:0009098	2	0	6339	2873	inf	0.473492	0.820053	NA
GO:0009143	2	0	6339	2873	inf	0.473492	0.820053	NA
GO:0009416	2	0	6339	2873	inf	0.473492	0.820053	NA
GO:0009451	2	0	6339	2873	inf	0.473492	0.820053	NA
GO:0009725	2	0	6339	2873	inf	0.473492	0.820053	NA
GO:0010087	2	0	6339	2873	inf	0.473492	0.820053	NA
GO:0010089	2	0	6339	2873	inf	0.473492	0.820053	NA
GO:0010543	2	0	6339	2873	inf	0.473492	0.820053	NA
GO:0010890	2	0	6339	2873	inf	0.473492	0.820053	NA
GO:0010918	2	0	6339	2873	inf	0.473492	0.820053	NA
GO:0015026	2	0	6339	2873	inf	0.473492	0.820053	NA
GO:0015075	2	0	6339	2873	inf	0.473492	0.820053	NA
GO:0015081	2	0	6339	2873	inf	0.473492	0.820053	NA
GO:0015267	2	0	6339	2873	inf	0.473492	0.820053	NA
GO:0015293	2	0	6339	2873	inf	0.473492	0.820053	NA
GO:0015297	2	0	6339	2873	inf	0.473492	0.820053	NA
GO:0015385	2	0	6339	2873	inf	0.473492	0.820053	NA
GO:0016247	2	0	6339	2873	inf	0.473492	0.820053	NA
GO:0016298	2	0	6339	2873	inf	0.473492	0.820053	NA
GO:0016301	2	0	6339	2873	inf	0.473492	0.820053	NA
GO:0016310	2	0	6339	2873	inf	0.473492	0.820053	NA
GO:0016311	2	0	6339	2873	inf	0.473492	0.820053	NA
GO:0016602	2	0	6339	2873	inf	0.473492	0.820053	NA
GO:0016740	2	0	6339	2873	inf	0.473492	0.820053	NA
GO:0016791	2	0	6339	2873	inf	0.473492	0.820053	NA
GO:0016971	2	0	6339	2873	inf	0.473492	0.820053	NA
GO:0017004	2	0	6339	2873	inf	0.473492	0.820053	NA
GO:0017147	2	0	6339	2873	inf	0.473492	0.820053	NA
GO:0017187	2	0	6339	2873	inf	0.473492	0.820053	NA
GO:0018230	2	0	6339	2873	inf	0.473492	0.820053	NA
GO:0019221	2	0	6339	2873	inf	0.473492	0.820053	NA
GO:0019226	2	0	6339	2873	inf	0.473492	0.820053	NA
GO:0019706	2	0	6339	2873	inf	0.473492	0.820053	NA
GO:0022407	2	0	6339	2873	inf	0.473492	0.820053	NA
GO:0030296	2	0	6339	2873	inf	0.473492	0.820053	NA
GO:0030420	2	0	6339	2873	inf	0.473492	0.820053	NA
GO:0030490	2	0	6339	2873	inf	0.473492	0.820053	NA
GO:0030510	2	0	6339	2873	inf	0.473492	0.820053	NA
GO:0030514	2	0	6339	2873	inf	0.473492	0.820053	NA
GO:0030833	2	0	6339	2873	inf	0.473492	0.820053	NA
GO:0030890	2	0	6339	2873	inf	0.473492	0.820053	NA
GO:0031083	2	0	6339	2873	inf	0.473492	0.820053	NA
GO:0031395	2	0	6339	2873	inf	0.473492	0.820053	NA
GO:0031505	2	0	6339	2873	inf	0.473492	0.820053	NA
GO:0031623	2	0	6339	2873	inf	0.473492	0.820053	NA
GO:0031894	2	0	6339	2873	inf	0.473492	0.820053	NA
GO:0032230	2	0	6339	2873	inf	0.473492	0.820053	NA
GO:0032233	2	0	6339	2873	inf	0.473492	0.820053	NA
GO:0032281	2	0	6339	2873	inf	0.473492	0.820053	NA
GO:0032870	2	0	6339	2873	inf	0.473492	0.820053	NA
GO:0032875	2	0	6339	2873	inf	0.473492	0.820053	NA
GO:0032922	2	0	6339	2873	inf	0.473492	0.820053	NA
GO:0032993	2	0	6339	2873	inf	0.473492	0.820053	NA
GO:0033209	2	0	6339	2873	inf	0.473492	0.820053	NA
GO:0033549	2	0	6339	2873	inf	0.473492	0.820053	NA
GO:0033554	2	0	6339	2873	inf	0.473492	0.820053	NA
GO:0033897	2	0	6339	2873	inf	0.473492	0.820053	NA
GO:0034975	2	0	6339	2873	inf	0.473492	0.820053	NA
GO:0035082	2	0	6339	2873	inf	0.473492	0.820053	NA
GO:0035102	2	0	6339	2873	inf	0.473492	0.820053	NA
GO:0035267	2	0	6339	2873	inf	0.473492	0.820053	NA
GO:0035497	2	0	6339	2873	inf	0.473492	0.820053	NA
GO:0035556	2	0	6339	2873	inf	0.473492	0.820053	NA
GO:0035567	2	0	6339	2873	inf	0.473492	0.820053	NA
GO:0035861	2	0	6339	2873	inf	0.473492	0.820053	NA
GO:0036376	2	0	6339	2873	inf	0.473492	0.820053	NA
GO:0036462	2	0	6339	2873	inf	0.473492	0.820053	NA
GO:0038061	2	0	6339	2873	inf	0.473492	0.820053	NA
GO:0038098	2	0	6339	2873	inf	0.473492	0.820053	NA
GO:0042102	2	0	6339	2873	inf	0.473492	0.820053	NA
GO:0042104	2	0	6339	2873	inf	0.473492	0.820053	NA
GO:0042288	2	0	6339	2873	inf	0.473492	0.820053	NA
GO:0042373	2	0	6339	2873	inf	0.473492	0.820053	NA
GO:0042393	2	0	6339	2873	inf	0.473492	0.820053	NA
GO:0042597	2	0	6339	2873	inf	0.473492	0.820053	NA
GO:0042720	2	0	6339	2873	inf	0.473492	0.820053	NA
GO:0042780	2	0	6339	2873	inf	0.473492	0.820053	NA
GO:0042781	2	0	6339	2873	inf	0.473492	0.820053	NA
GO:0042813	2	0	6339	2873	inf	0.473492	0.820053	NA
GO:0043139	2	0	6339	2873	inf	0.473492	0.820053	NA
GO:0043154	2	0	6339	2873	inf	0.473492	0.820053	NA
GO:0043240	2	0	6339	2873	inf	0.473492	0.820053	NA
GO:0043409	2	0	6339	2873	inf	0.473492	0.820053	NA
GO:0043539	2	0	6339	2873	inf	0.473492	0.820053	NA
GO:0043548	2	0	6339	2873	inf	0.473492	0.820053	NA
GO:0044458	2	0	6339	2873	inf	0.473492	0.820053	NA
GO:0045048	2	0	6339	2873	inf	0.473492	0.820053	NA
GO:0045095	2	0	6339	2873	inf	0.473492	0.820053	NA
GO:0045165	2	0	6339	2873	inf	0.473492	0.820053	NA
GO:0045597	2	0	6339	2873	inf	0.473492	0.820053	NA
GO:0045600	2	0	6339	2873	inf	0.473492	0.820053	NA
GO:0045760	2	0	6339	2873	inf	0.473492	0.820053	NA
GO:0046008	2	0	6339	2873	inf	0.473492	0.820053	NA
GO:0046628	2	0	6339	2873	inf	0.473492	0.820053	NA
GO:0046677	2	0	6339	2873	inf	0.473492	0.820053	NA
GO:0046839	2	0	6339	2873	inf	0.473492	0.820053	NA
GO:0046983	2	0	6339	2873	inf	0.473492	0.820053	NA
GO:0047057	2	0	6339	2873	inf	0.473492	0.820053	NA
GO:0047429	2	0	6339	2873	inf	0.473492	0.820053	NA
GO:0048046	2	0	6339	2873	inf	0.473492	0.820053	NA
GO:0048205	2	0	6339	2873	inf	0.473492	0.820053	NA
GO:0048254	2	0	6339	2873	inf	0.473492	0.820053	NA
GO:0048666	2	0	6339	2873	inf	0.473492	0.820053	NA
GO:0048730	2	0	6339	2873	inf	0.473492	0.820053	NA
GO:0048812	2	0	6339	2873	inf	0.473492	0.820053	NA
GO:0050790	2	0	6339	2873	inf	0.473492	0.820053	NA
GO:0051006	2	0	6339	2873	inf	0.473492	0.820053	NA
GO:0051092	2	0	6339	2873	inf	0.473492	0.820053	NA
GO:0051118	2	0	6339	2873	inf	0.473492	0.820053	NA
GO:0051147	2	0	6339	2873	inf	0.473492	0.820053	NA
GO:0051284	2	0	6339	2873	inf	0.473492	0.820053	NA
GO:0051301	2	0	6339	2873	inf	0.473492	0.820053	NA
GO:0051603	2	0	6339	2873	inf	0.473492	0.820053	NA
GO:0051902	2	0	6339	2873	inf	0.473492	0.820053	NA
GO:0051918	2	0	6339	2873	inf	0.473492	0.820053	NA
GO:0060079	2	0	6339	2873	inf	0.473492	0.820053	NA
GO:0060271	2	0	6339	2873	inf	0.473492	0.820053	NA
GO:0061077	2	0	6339	2873	inf	0.473492	0.820053	NA
GO:0061617	2	0	6339	2873	inf	0.473492	0.820053	NA
GO:0070180	2	0	6339	2873	inf	0.473492	0.820053	NA
GO:0070492	2	0	6339	2873	inf	0.473492	0.820053	NA
GO:0070684	2	0	6339	2873	inf	0.473492	0.820053	NA
GO:0070761	2	0	6339	2873	inf	0.473492	0.820053	NA
GO:0070840	2	0	6339	2873	inf	0.473492	0.820053	NA
GO:0070888	2	0	6339	2873	inf	0.473492	0.820053	NA
GO:0071230	2	0	6339	2873	inf	0.473492	0.820053	NA
GO:0071577	2	0	6339	2873	inf	0.473492	0.820053	NA
GO:0071805	2	0	6339	2873	inf	0.473492	0.820053	NA
GO:0071821	2	0	6339	2873	inf	0.473492	0.820053	NA
GO:0071986	2	0	6339	2873	inf	0.473492	0.820053	NA
GO:0072344	2	0	6339	2873	inf	0.473492	0.820053	NA
GO:0072546	2	0	6339	2873	inf	0.473492	0.820053	NA
GO:0072659	2	0	6339	2873	inf	0.473492	0.820053	NA
GO:0097027	2	0	6339	2873	inf	0.473492	0.820053	NA
GO:0097225	2	0	6339	2873	inf	0.473492	0.820053	NA
GO:0097250	2	0	6339	2873	inf	0.473492	0.820053	NA
GO:0097484	2	0	6339	2873	inf	0.473492	0.820053	NA
GO:0098789	2	0	6339	2873	inf	0.473492	0.820053	NA
GO:0098803	2	0	6339	2873	inf	0.473492	0.820053	NA
GO:0098839	2	0	6339	2873	inf	0.473492	0.820053	NA
GO:0098943	2	0	6339	2873	inf	0.473492	0.820053	NA
GO:0098970	2	0	6339	2873	inf	0.473492	0.820053	NA
GO:0099590	2	0	6339	2873	inf	0.473492	0.820053	NA
GO:0180047	2	0	6339	2873	inf	0.473492	0.820053	NA
GO:1901981	2	0	6339	2873	inf	0.473492	0.820053	NA
GO:1904306	2	0	6339	2873	inf	0.473492	0.820053	NA
GO:1904668	2	0	6339	2873	inf	0.473492	0.820053	NA
GO:1905564	2	0	6339	2873	inf	0.473492	0.820053	NA
GO:1905786	2	0	6339	2873	inf	0.473492	0.820053	NA
GO:1990513	2	0	6339	2873	inf	0.473492	0.820053	NA
GO:1990757	2	0	6339	2873	inf	0.473492	0.820053	NA
GO:2000311	2	0	6339	2873	inf	0.473492	0.820053	NA
GO:2001240	2	0	6339	2873	inf	0.473492	0.820053	NA
GO:0001525	11	4	6339	2873	1.2468	0.474915	0.820053	NA
GO:0006979	11	4	6339	2873	1.2468	0.474915	0.820053	NA
GO:0010951	11	4	6339	2873	1.2468	0.474915	0.820053	NA
GO:0072562	51	22	6339	2873	1.05107	0.479297	0.820053	NA
GO:0004859	4	1	6339	2873	1.81342	0.5039	0.820053	NA
GO:0006457	4	1	6339	2873	1.81342	0.5039	0.820053	NA
GO:0006641	4	1	6339	2873	1.81342	0.5039	0.820053	NA
GO:0010916	4	1	6339	2873	1.81342	0.5039	0.820053	NA
GO:0016671	4	1	6339	2873	1.81342	0.5039	0.820053	NA
GO:0030145	4	1	6339	2873	1.81342	0.5039	0.820053	NA
GO:0030414	4	1	6339	2873	1.81342	0.5039	0.820053	NA
GO:0032375	4	1	6339	2873	1.81342	0.5039	0.820053	NA
GO:0034447	4	1	6339	2873	1.81342	0.5039	0.820053	NA
GO:0036503	4	1	6339	2873	1.81342	0.5039	0.820053	NA
GO:0045121	4	1	6339	2873	1.81342	0.5039	0.820053	NA
GO:0048246	4	1	6339	2873	1.81342	0.5039	0.820053	NA
GO:0050995	4	1	6339	2873	1.81342	0.5039	0.820053	NA
GO:0051005	4	1	6339	2873	1.81342	0.5039	0.820053	NA
GO:0051082	4	1	6339	2873	1.81342	0.5039	0.820053	NA
GO:0090501	4	1	6339	2873	1.81342	0.5039	0.820053	NA
GO:0007596	6	2	6339	2873	1.36002	0.521678	0.820053	NA
GO:0050921	8	3	6339	2873	1.20887	0.534725	0.820053	NA
GO:0042834	14	6	6339	2873	1.05765	0.562219	0.820053	NA
GO:0009505	16	7	6339	2873	1.03604	0.569365	0.820053	NA
GO:0006665	7	3	6339	2873	1.05759	0.617715	0.820053	NA
GO:0031175	7	3	6339	2873	1.05759	0.617715	0.820053	NA
GO:0090026	7	3	6339	2873	1.05759	0.617715	0.820053	NA
GO:0003690	5	2	6339	2873	1.13317	0.620006	0.820053	NA
GO:0004553	5	2	6339	2873	1.13317	0.620006	0.820053	NA
GO:0009611	5	2	6339	2873	1.13317	0.620006	0.820053	NA
GO:0016567	5	2	6339	2873	1.13317	0.620006	0.820053	NA
GO:0043025	5	2	6339	2873	1.13317	0.620006	0.820053	NA
GO:0043679	5	2	6339	2873	1.13317	0.620006	0.820053	NA
GO:0001055	3	1	6339	2873	1.35985	0.630705	0.820053	NA
GO:0005665	3	1	6339	2873	1.35985	0.630705	0.820053	NA
GO:0006468	3	1	6339	2873	1.35985	0.630705	0.820053	NA
GO:0007600	3	1	6339	2873	1.35985	0.630705	0.820053	NA
GO:0008233	3	1	6339	2873	1.35985	0.630705	0.820053	NA
GO:0030971	3	1	6339	2873	1.35985	0.630705	0.820053	NA
GO:0031628	3	1	6339	2873	1.35985	0.630705	0.820053	NA
GO:0042594	3	1	6339	2873	1.35985	0.630705	0.820053	NA
GO:0042730	3	1	6339	2873	1.35985	0.630705	0.820053	NA
GO:0050839	3	1	6339	2873	1.35985	0.630705	0.820053	NA
GO:0000014	1	0	6339	2873	inf	0.688124	0.820053	NA
GO:0000015	1	0	6339	2873	inf	0.688124	0.820053	NA
GO:0000045	1	0	6339	2873	inf	0.688124	0.820053	NA
GO:0000079	1	0	6339	2873	inf	0.688124	0.820053	NA
GO:0000086	1	0	6339	2873	inf	0.688124	0.820053	NA
GO:0000118	1	0	6339	2873	inf	0.688124	0.820053	NA
GO:0000146	1	0	6339	2873	inf	0.688124	0.820053	NA
GO:0000151	1	0	6339	2873	inf	0.688124	0.820053	NA
GO:0000155	1	0	6339	2873	inf	0.688124	0.820053	NA
GO:0000156	1	0	6339	2873	inf	0.688124	0.820053	NA
GO:0000160	1	0	6339	2873	inf	0.688124	0.820053	NA
GO:0000165	1	0	6339	2873	inf	0.688124	0.820053	NA
GO:0000225	1	0	6339	2873	inf	0.688124	0.820053	NA
GO:0000272	1	0	6339	2873	inf	0.688124	0.820053	NA
GO:0000281	1	0	6339	2873	inf	0.688124	0.820053	NA
GO:0000285	1	0	6339	2873	inf	0.688124	0.820053	NA
GO:0000325	1	0	6339	2873	inf	0.688124	0.820053	NA
GO:0000340	1	0	6339	2873	inf	0.688124	0.820053	NA
GO:0000444	1	0	6339	2873	inf	0.688124	0.820053	NA
GO:0000447	1	0	6339	2873	inf	0.688124	0.820053	NA
GO:0000462	1	0	6339	2873	inf	0.688124	0.820053	NA
GO:0000472	1	0	6339	2873	inf	0.688124	0.820053	NA
GO:0000480	1	0	6339	2873	inf	0.688124	0.820053	NA
GO:0000723	1	0	6339	2873	inf	0.688124	0.820053	NA
GO:0000727	1	0	6339	2873	inf	0.688124	0.820053	NA
GO:0000729	1	0	6339	2873	inf	0.688124	0.820053	NA
GO:0000752	1	0	6339	2873	inf	0.688124	0.820053	NA
GO:0000772	1	0	6339	2873	inf	0.688124	0.820053	NA
GO:0000813	1	0	6339	2873	inf	0.688124	0.820053	NA
GO:0000922	1	0	6339	2873	inf	0.688124	0.820053	NA
GO:0000956	1	0	6339	2873	inf	0.688124	0.820053	NA
GO:0000967	1	0	6339	2873	inf	0.688124	0.820053	NA
GO:0000987	1	0	6339	2873	inf	0.688124	0.820053	NA
GO:0001006	1	0	6339	2873	inf	0.688124	0.820053	NA
GO:0001147	1	0	6339	2873	inf	0.688124	0.820053	NA
GO:0001217	1	0	6339	2873	inf	0.688124	0.820053	NA
GO:0001502	1	0	6339	2873	inf	0.688124	0.820053	NA
GO:0001518	1	0	6339	2873	inf	0.688124	0.820053	NA
GO:0001682	1	0	6339	2873	inf	0.688124	0.820053	NA
GO:0001696	1	0	6339	2873	inf	0.688124	0.820053	NA
GO:0001726	1	0	6339	2873	inf	0.688124	0.820053	NA
GO:0001786	1	0	6339	2873	inf	0.688124	0.820053	NA
GO:0001819	1	0	6339	2873	inf	0.688124	0.820053	NA
GO:0001942	1	0	6339	2873	inf	0.688124	0.820053	NA
GO:0002143	1	0	6339	2873	inf	0.688124	0.820053	NA
GO:0002188	1	0	6339	2873	inf	0.688124	0.820053	NA
GO:0002282	1	0	6339	2873	inf	0.688124	0.820053	NA
GO:0002283	1	0	6339	2873	inf	0.688124	0.820053	NA
GO:0002367	1	0	6339	2873	inf	0.688124	0.820053	NA
GO:0002415	1	0	6339	2873	inf	0.688124	0.820053	NA
GO:0002429	1	0	6339	2873	inf	0.688124	0.820053	NA
GO:0002437	1	0	6339	2873	inf	0.688124	0.820053	NA
GO:0002476	1	0	6339	2873	inf	0.688124	0.820053	NA
GO:0002486	1	0	6339	2873	inf	0.688124	0.820053	NA
GO:0002682	1	0	6339	2873	inf	0.688124	0.820053	NA
GO:0002940	1	0	6339	2873	inf	0.688124	0.820053	NA
GO:0003680	1	0	6339	2873	inf	0.688124	0.820053	NA
GO:0003681	1	0	6339	2873	inf	0.688124	0.820053	NA
GO:0003714	1	0	6339	2873	inf	0.688124	0.820053	NA
GO:0003724	1	0	6339	2873	inf	0.688124	0.820053	NA
GO:0003756	1	0	6339	2873	inf	0.688124	0.820053	NA
GO:0003950	1	0	6339	2873	inf	0.688124	0.820053	NA
GO:0003954	1	0	6339	2873	inf	0.688124	0.820053	NA
GO:0003978	1	0	6339	2873	inf	0.688124	0.820053	NA
GO:0004016	1	0	6339	2873	inf	0.688124	0.820053	NA
GO:0004024	1	0	6339	2873	inf	0.688124	0.820053	NA
GO:0004035	1	0	6339	2873	inf	0.688124	0.820053	NA
GO:0004045	1	0	6339	2873	inf	0.688124	0.820053	NA
GO:0004108	1	0	6339	2873	inf	0.688124	0.820053	NA
GO:0004114	1	0	6339	2873	inf	0.688124	0.820053	NA
GO:0004128	1	0	6339	2873	inf	0.688124	0.820053	NA
GO:0004176	1	0	6339	2873	inf	0.688124	0.820053	NA
GO:0004298	1	0	6339	2873	inf	0.688124	0.820053	NA
GO:0004315	1	0	6339	2873	inf	0.688124	0.820053	NA
GO:0004338	1	0	6339	2873	inf	0.688124	0.820053	NA
GO:0004439	1	0	6339	2873	inf	0.688124	0.820053	NA
GO:0004464	1	0	6339	2873	inf	0.688124	0.820053	NA
GO:0004470	1	0	6339	2873	inf	0.688124	0.820053	NA
GO:0004471	1	0	6339	2873	inf	0.688124	0.820053	NA
GO:0004566	1	0	6339	2873	inf	0.688124	0.820053	NA
GO:0004611	1	0	6339	2873	inf	0.688124	0.820053	NA
GO:0004612	1	0	6339	2873	inf	0.688124	0.820053	NA
GO:0004620	1	0	6339	2873	inf	0.688124	0.820053	NA
GO:0004634	1	0	6339	2873	inf	0.688124	0.820053	NA
GO:0004635	1	0	6339	2873	inf	0.688124	0.820053	NA
GO:0004642	1	0	6339	2873	inf	0.688124	0.820053	NA
GO:0004663	1	0	6339	2873	inf	0.688124	0.820053	NA
GO:0004672	1	0	6339	2873	inf	0.688124	0.820053	NA
GO:0004721	1	0	6339	2873	inf	0.688124	0.820053	NA
GO:0004743	1	0	6339	2873	inf	0.688124	0.820053	NA
GO:0004767	1	0	6339	2873	inf	0.688124	0.820053	NA
GO:0004777	1	0	6339	2873	inf	0.688124	0.820053	NA
GO:0004809	1	0	6339	2873	inf	0.688124	0.820053	NA
GO:0004813	1	0	6339	2873	inf	0.688124	0.820053	NA
GO:0004864	1	0	6339	2873	inf	0.688124	0.820053	NA
GO:0004896	1	0	6339	2873	inf	0.688124	0.820053	NA
GO:0004911	1	0	6339	2873	inf	0.688124	0.820053	NA
GO:0004984	1	0	6339	2873	inf	0.688124	0.820053	NA
GO:0005136	1	0	6339	2873	inf	0.688124	0.820053	NA
GO:0005164	1	0	6339	2873	inf	0.688124	0.820053	NA
GO:0005248	1	0	6339	2873	inf	0.688124	0.820053	NA
GO:0005261	1	0	6339	2873	inf	0.688124	0.820053	NA
GO:0005262	1	0	6339	2873	inf	0.688124	0.820053	NA
GO:0005283	1	0	6339	2873	inf	0.688124	0.820053	NA
GO:0005313	1	0	6339	2873	inf	0.688124	0.820053	NA
GO:0005326	1	0	6339	2873	inf	0.688124	0.820053	NA
GO:0005337	1	0	6339	2873	inf	0.688124	0.820053	NA
GO:0005351	1	0	6339	2873	inf	0.688124	0.820053	NA
GO:0005355	1	0	6339	2873	inf	0.688124	0.820053	NA
GO:0005366	1	0	6339	2873	inf	0.688124	0.820053	NA
GO:0005415	1	0	6339	2873	inf	0.688124	0.820053	NA
GO:0005436	1	0	6339	2873	inf	0.688124	0.820053	NA
GO:0005484	1	0	6339	2873	inf	0.688124	0.820053	NA
GO:0005539	1	0	6339	2873	inf	0.688124	0.820053	NA
GO:0005544	1	0	6339	2873	inf	0.688124	0.820053	NA
GO:0005587	1	0	6339	2873	inf	0.688124	0.820053	NA
GO:0005604	1	0	6339	2873	inf	0.688124	0.820053	NA
GO:0005655	1	0	6339	2873	inf	0.688124	0.820053	NA
GO:0005688	1	0	6339	2873	inf	0.688124	0.820053	NA
GO:0005740	1	0	6339	2873	inf	0.688124	0.820053	NA
GO:0005773	1	0	6339	2873	inf	0.688124	0.820053	NA
GO:0005778	1	0	6339	2873	inf	0.688124	0.820053	NA
GO:0005791	1	0	6339	2873	inf	0.688124	0.820053	NA
GO:0005847	1	0	6339	2873	inf	0.688124	0.820053	NA
GO:0005901	1	0	6339	2873	inf	0.688124	0.820053	NA
GO:0005903	1	0	6339	2873	inf	0.688124	0.820053	NA
GO:0005911	1	0	6339	2873	inf	0.688124	0.820053	NA
GO:0005918	1	0	6339	2873	inf	0.688124	0.820053	NA
GO:0005923	1	0	6339	2873	inf	0.688124	0.820053	NA
GO:0005929	1	0	6339	2873	inf	0.688124	0.820053	NA
GO:0005968	1	0	6339	2873	inf	0.688124	0.820053	NA
GO:0005996	1	0	6339	2873	inf	0.688124	0.820053	NA
GO:0006000	1	0	6339	2873	inf	0.688124	0.820053	NA
GO:0006090	1	0	6339	2873	inf	0.688124	0.820053	NA
GO:0006094	1	0	6339	2873	inf	0.688124	0.820053	NA
GO:0006099	1	0	6339	2873	inf	0.688124	0.820053	NA
GO:0006108	1	0	6339	2873	inf	0.688124	0.820053	NA
GO:0006164	1	0	6339	2873	inf	0.688124	0.820053	NA
GO:0006265	1	0	6339	2873	inf	0.688124	0.820053	NA
GO:0006270	1	0	6339	2873	inf	0.688124	0.820053	NA
GO:0006271	1	0	6339	2873	inf	0.688124	0.820053	NA
GO:0006303	1	0	6339	2873	inf	0.688124	0.820053	NA
GO:0006338	1	0	6339	2873	inf	0.688124	0.820053	NA
GO:0006360	1	0	6339	2873	inf	0.688124	0.820053	NA
GO:0006362	1	0	6339	2873	inf	0.688124	0.820053	NA
GO:0006366	1	0	6339	2873	inf	0.688124	0.820053	NA
GO:0006369	1	0	6339	2873	inf	0.688124	0.820053	NA
GO:0006383	1	0	6339	2873	inf	0.688124	0.820053	NA
GO:0006396	1	0	6339	2873	inf	0.688124	0.820053	NA
GO:0006397	1	0	6339	2873	inf	0.688124	0.820053	NA
GO:0006400	1	0	6339	2873	inf	0.688124	0.820053	NA
GO:0006401	1	0	6339	2873	inf	0.688124	0.820053	NA
GO:0006402	1	0	6339	2873	inf	0.688124	0.820053	NA
GO:0006405	1	0	6339	2873	inf	0.688124	0.820053	NA
GO:0006419	1	0	6339	2873	inf	0.688124	0.820053	NA
GO:0006473	1	0	6339	2873	inf	0.688124	0.820053	NA
GO:0006488	1	0	6339	2873	inf	0.688124	0.820053	NA
GO:0006491	1	0	6339	2873	inf	0.688124	0.820053	NA
GO:0006509	1	0	6339	2873	inf	0.688124	0.820053	NA
GO:0006515	1	0	6339	2873	inf	0.688124	0.820053	NA
GO:0006520	1	0	6339	2873	inf	0.688124	0.820053	NA
GO:0006574	1	0	6339	2873	inf	0.688124	0.820053	NA
GO:0006620	1	0	6339	2873	inf	0.688124	0.820053	NA
GO:0006688	1	0	6339	2873	inf	0.688124	0.820053	NA
GO:0006807	1	0	6339	2873	inf	0.688124	0.820053	NA
GO:0006814	1	0	6339	2873	inf	0.688124	0.820053	NA
GO:0006829	1	0	6339	2873	inf	0.688124	0.820053	NA
GO:0006865	1	0	6339	2873	inf	0.688124	0.820053	NA
GO:0006884	1	0	6339	2873	inf	0.688124	0.820053	NA
GO:0006885	1	0	6339	2873	inf	0.688124	0.820053	NA
GO:0006890	1	0	6339	2873	inf	0.688124	0.820053	NA
GO:0006891	1	0	6339	2873	inf	0.688124	0.820053	NA
GO:0006895	1	0	6339	2873	inf	0.688124	0.820053	NA
GO:0006896	1	0	6339	2873	inf	0.688124	0.820053	NA
GO:0006897	1	0	6339	2873	inf	0.688124	0.820053	NA
GO:0006906	1	0	6339	2873	inf	0.688124	0.820053	NA
GO:0006950	1	0	6339	2873	inf	0.688124	0.820053	NA
GO:0007005	1	0	6339	2873	inf	0.688124	0.820053	NA
GO:0007008	1	0	6339	2873	inf	0.688124	0.820053	NA
GO:0007021	1	0	6339	2873	inf	0.688124	0.820053	NA
GO:0007023	1	0	6339	2873	inf	0.688124	0.820053	NA
GO:0007040	1	0	6339	2873	inf	0.688124	0.820053	NA
GO:0007088	1	0	6339	2873	inf	0.688124	0.820053	NA
GO:0007129	1	0	6339	2873	inf	0.688124	0.820053	NA
GO:0007156	1	0	6339	2873	inf	0.688124	0.820053	NA
GO:0007188	1	0	6339	2873	inf	0.688124	0.820053	NA
GO:0007220	1	0	6339	2873	inf	0.688124	0.820053	NA
GO:0007224	1	0	6339	2873	inf	0.688124	0.820053	NA
GO:0007264	1	0	6339	2873	inf	0.688124	0.820053	NA
GO:0007271	1	0	6339	2873	inf	0.688124	0.820053	NA
GO:0007276	1	0	6339	2873	inf	0.688124	0.820053	NA
GO:0007283	1	0	6339	2873	inf	0.688124	0.820053	NA
GO:0007423	1	0	6339	2873	inf	0.688124	0.820053	NA
GO:0007589	1	0	6339	2873	inf	0.688124	0.820053	NA
GO:0007601	1	0	6339	2873	inf	0.688124	0.820053	NA
GO:0008021	1	0	6339	2873	inf	0.688124	0.820053	NA
GO:0008023	1	0	6339	2873	inf	0.688124	0.820053	NA
GO:0008092	1	0	6339	2873	inf	0.688124	0.820053	NA
GO:0008093	1	0	6339	2873	inf	0.688124	0.820053	NA
GO:0008094	1	0	6339	2873	inf	0.688124	0.820053	NA
GO:0008139	1	0	6339	2873	inf	0.688124	0.820053	NA
GO:0008146	1	0	6339	2873	inf	0.688124	0.820053	NA
GO:0008175	1	0	6339	2873	inf	0.688124	0.820053	NA
GO:0008198	1	0	6339	2873	inf	0.688124	0.820053	NA
GO:0008202	1	0	6339	2873	inf	0.688124	0.820053	NA
GO:0008217	1	0	6339	2873	inf	0.688124	0.820053	NA
GO:0008237	1	0	6339	2873	inf	0.688124	0.820053	NA
GO:0008307	1	0	6339	2873	inf	0.688124	0.820053	NA
GO:0008308	1	0	6339	2873	inf	0.688124	0.820053	NA
GO:0008318	1	0	6339	2873	inf	0.688124	0.820053	NA
GO:0008333	1	0	6339	2873	inf	0.688124	0.820053	NA
GO:0008373	1	0	6339	2873	inf	0.688124	0.820053	NA
GO:0008379	1	0	6339	2873	inf	0.688124	0.820053	NA
GO:0008395	1	0	6339	2873	inf	0.688124	0.820053	NA
GO:0008408	1	0	6339	2873	inf	0.688124	0.820053	NA
GO:0008409	1	0	6339	2873	inf	0.688124	0.820053	NA
GO:0008422	1	0	6339	2873	inf	0.688124	0.820053	NA
GO:0008442	1	0	6339	2873	inf	0.688124	0.820053	NA
GO:0008449	1	0	6339	2873	inf	0.688124	0.820053	NA
GO:0008511	1	0	6339	2873	inf	0.688124	0.820053	NA
GO:0008535	1	0	6339	2873	inf	0.688124	0.820053	NA
GO:0008579	1	0	6339	2873	inf	0.688124	0.820053	NA
GO:0008613	1	0	6339	2873	inf	0.688124	0.820053	NA
GO:0008615	1	0	6339	2873	inf	0.688124	0.820053	NA
GO:0008653	1	0	6339	2873	inf	0.688124	0.820053	NA
GO:0008658	1	0	6339	2873	inf	0.688124	0.820053	NA
GO:0008705	1	0	6339	2873	inf	0.688124	0.820053	NA
GO:0008817	1	0	6339	2873	inf	0.688124	0.820053	NA
GO:0008865	1	0	6339	2873	inf	0.688124	0.820053	NA
GO:0008897	1	0	6339	2873	inf	0.688124	0.820053	NA
GO:0008922	1	0	6339	2873	inf	0.688124	0.820053	NA
GO:0008935	1	0	6339	2873	inf	0.688124	0.820053	NA
GO:0008988	1	0	6339	2873	inf	0.688124	0.820053	NA
GO:0009060	1	0	6339	2873	inf	0.688124	0.820053	NA
GO:0009086	1	0	6339	2873	inf	0.688124	0.820053	NA
GO:0009103	1	0	6339	2873	inf	0.688124	0.820053	NA
GO:0009190	1	0	6339	2873	inf	0.688124	0.820053	NA
GO:0009234	1	0	6339	2873	inf	0.688124	0.820053	NA
GO:0009245	1	0	6339	2873	inf	0.688124	0.820053	NA
GO:0009251	1	0	6339	2873	inf	0.688124	0.820053	NA
GO:0009271	1	0	6339	2873	inf	0.688124	0.820053	NA
GO:0009279	1	0	6339	2873	inf	0.688124	0.820053	NA
GO:0009289	1	0	6339	2873	inf	0.688124	0.820053	NA
GO:0009378	1	0	6339	2873	inf	0.688124	0.820053	NA
GO:0009408	1	0	6339	2873	inf	0.688124	0.820053	NA
GO:0009409	1	0	6339	2873	inf	0.688124	0.820053	NA
GO:0009414	1	0	6339	2873	inf	0.688124	0.820053	NA
GO:0009450	1	0	6339	2873	inf	0.688124	0.820053	NA
GO:0009522	1	0	6339	2873	inf	0.688124	0.820053	NA
GO:0009570	1	0	6339	2873	inf	0.688124	0.820053	NA
GO:0009651	1	0	6339	2873	inf	0.688124	0.820053	NA
GO:0009653	1	0	6339	2873	inf	0.688124	0.820053	NA
GO:0009654	1	0	6339	2873	inf	0.688124	0.820053	NA
GO:0009690	1	0	6339	2873	inf	0.688124	0.820053	NA
GO:0009691	1	0	6339	2873	inf	0.688124	0.820053	NA
GO:0009706	1	0	6339	2873	inf	0.688124	0.820053	NA
GO:0009723	1	0	6339	2873	inf	0.688124	0.820053	NA
GO:0009738	1	0	6339	2873	inf	0.688124	0.820053	NA
GO:0009786	1	0	6339	2873	inf	0.688124	0.820053	NA
GO:0009793	1	0	6339	2873	inf	0.688124	0.820053	NA
GO:0009834	1	0	6339	2873	inf	0.688124	0.820053	NA
GO:0009877	1	0	6339	2873	inf	0.688124	0.820053	NA
GO:0009913	1	0	6339	2873	inf	0.688124	0.820053	NA
GO:0009927	1	0	6339	2873	inf	0.688124	0.820053	NA
GO:0009941	1	0	6339	2873	inf	0.688124	0.820053	NA
GO:0009953	1	0	6339	2873	inf	0.688124	0.820053	NA
GO:0009982	1	0	6339	2873	inf	0.688124	0.820053	NA
GO:0010008	1	0	6339	2873	inf	0.688124	0.820053	NA
GO:0010039	1	0	6339	2873	inf	0.688124	0.820053	NA
GO:0010045	1	0	6339	2873	inf	0.688124	0.820053	NA
GO:0010104	1	0	6339	2873	inf	0.688124	0.820053	NA
GO:0010158	1	0	6339	2873	inf	0.688124	0.820053	NA
GO:0010273	1	0	6339	2873	inf	0.688124	0.820053	NA
GO:0010459	1	0	6339	2873	inf	0.688124	0.820053	NA
GO:0010484	1	0	6339	2873	inf	0.688124	0.820053	NA
GO:0010497	1	0	6339	2873	inf	0.688124	0.820053	NA
GO:0010507	1	0	6339	2873	inf	0.688124	0.820053	NA
GO:0010518	1	0	6339	2873	inf	0.688124	0.820053	NA
GO:0010564	1	0	6339	2873	inf	0.688124	0.820053	NA
GO:0010628	1	0	6339	2873	inf	0.688124	0.820053	NA
GO:0010737	1	0	6339	2873	inf	0.688124	0.820053	NA
GO:0010811	1	0	6339	2873	inf	0.688124	0.820053	NA
GO:0010818	1	0	6339	2873	inf	0.688124	0.820053	NA
GO:0010824	1	0	6339	2873	inf	0.688124	0.820053	NA
GO:0010976	1	0	6339	2873	inf	0.688124	0.820053	NA
GO:0010991	1	0	6339	2873	inf	0.688124	0.820053	NA
GO:0012501	1	0	6339	2873	inf	0.688124	0.820053	NA
GO:0012507	1	0	6339	2873	inf	0.688124	0.820053	NA
GO:0015074	1	0	6339	2873	inf	0.688124	0.820053	NA
GO:0015079	1	0	6339	2873	inf	0.688124	0.820053	NA
GO:0015093	1	0	6339	2873	inf	0.688124	0.820053	NA
GO:0015095	1	0	6339	2873	inf	0.688124	0.820053	NA
GO:0015097	1	0	6339	2873	inf	0.688124	0.820053	NA
GO:0015199	1	0	6339	2873	inf	0.688124	0.820053	NA
GO:0015220	1	0	6339	2873	inf	0.688124	0.820053	NA
GO:0015275	1	0	6339	2873	inf	0.688124	0.820053	NA
GO:0015377	1	0	6339	2873	inf	0.688124	0.820053	NA
GO:0015379	1	0	6339	2873	inf	0.688124	0.820053	NA
GO:0015631	1	0	6339	2873	inf	0.688124	0.820053	NA
GO:0015661	1	0	6339	2873	inf	0.688124	0.820053	NA
GO:0015693	1	0	6339	2873	inf	0.688124	0.820053	NA
GO:0015694	1	0	6339	2873	inf	0.688124	0.820053	NA
GO:0015798	1	0	6339	2873	inf	0.688124	0.820053	NA
GO:0015871	1	0	6339	2873	inf	0.688124	0.820053	NA
GO:0015996	1	0	6339	2873	inf	0.688124	0.820053	NA
GO:0016004	1	0	6339	2873	inf	0.688124	0.820053	NA
GO:0016012	1	0	6339	2873	inf	0.688124	0.820053	NA
GO:0016018	1	0	6339	2873	inf	0.688124	0.820053	NA
GO:0016036	1	0	6339	2873	inf	0.688124	0.820053	NA
GO:0016075	1	0	6339	2873	inf	0.688124	0.820053	NA
GO:0016079	1	0	6339	2873	inf	0.688124	0.820053	NA
GO:0016151	1	0	6339	2873	inf	0.688124	0.820053	NA
GO:0016172	1	0	6339	2873	inf	0.688124	0.820053	NA
GO:0016174	1	0	6339	2873	inf	0.688124	0.820053	NA
GO:0016197	1	0	6339	2873	inf	0.688124	0.820053	NA
GO:0016226	1	0	6339	2873	inf	0.688124	0.820053	NA
GO:0016236	1	0	6339	2873	inf	0.688124	0.820053	NA
GO:0016272	1	0	6339	2873	inf	0.688124	0.820053	NA
GO:0016281	1	0	6339	2873	inf	0.688124	0.820053	NA
GO:0016320	1	0	6339	2873	inf	0.688124	0.820053	NA
GO:0016405	1	0	6339	2873	inf	0.688124	0.820053	NA
GO:0016413	1	0	6339	2873	inf	0.688124	0.820053	NA
GO:0016423	1	0	6339	2873	inf	0.688124	0.820053	NA
GO:0016471	1	0	6339	2873	inf	0.688124	0.820053	NA
GO:0016559	1	0	6339	2873	inf	0.688124	0.820053	NA
GO:0016573	1	0	6339	2873	inf	0.688124	0.820053	NA
GO:0016604	1	0	6339	2873	inf	0.688124	0.820053	NA
GO:0016608	1	0	6339	2873	inf	0.688124	0.820053	NA
GO:0016655	1	0	6339	2873	inf	0.688124	0.820053	NA
GO:0016712	1	0	6339	2873	inf	0.688124	0.820053	NA
GO:0016746	1	0	6339	2873	inf	0.688124	0.820053	NA
GO:0016758	1	0	6339	2873	inf	0.688124	0.820053	NA
GO:0016772	1	0	6339	2873	inf	0.688124	0.820053	NA
GO:0016779	1	0	6339	2873	inf	0.688124	0.820053	NA
GO:0016788	1	0	6339	2873	inf	0.688124	0.820053	NA
GO:0016811	1	0	6339	2873	inf	0.688124	0.820053	NA
GO:0016843	1	0	6339	2873	inf	0.688124	0.820053	NA
GO:0016849	1	0	6339	2873	inf	0.688124	0.820053	NA
GO:0016853	1	0	6339	2873	inf	0.688124	0.820053	NA
GO:0016887	1	0	6339	2873	inf	0.688124	0.820053	NA
GO:0016913	1	0	6339	2873	inf	0.688124	0.820053	NA
GO:0016972	1	0	6339	2873	inf	0.688124	0.820053	NA
GO:0017025	1	0	6339	2873	inf	0.688124	0.820053	NA
GO:0017046	1	0	6339	2873	inf	0.688124	0.820053	NA
GO:0017053	1	0	6339	2873	inf	0.688124	0.820053	NA
GO:0017056	1	0	6339	2873	inf	0.688124	0.820053	NA
GO:0017076	1	0	6339	2873	inf	0.688124	0.820053	NA
GO:0017116	1	0	6339	2873	inf	0.688124	0.820053	NA
GO:0017121	1	0	6339	2873	inf	0.688124	0.820053	NA
GO:0017128	1	0	6339	2873	inf	0.688124	0.820053	NA
GO:0017177	1	0	6339	2873	inf	0.688124	0.820053	NA
GO:0018105	1	0	6339	2873	inf	0.688124	0.820053	NA
GO:0018107	1	0	6339	2873	inf	0.688124	0.820053	NA
GO:0018120	1	0	6339	2873	inf	0.688124	0.820053	NA
GO:0018189	1	0	6339	2873	inf	0.688124	0.820053	NA
GO:0018342	1	0	6339	2873	inf	0.688124	0.820053	NA
GO:0018344	1	0	6339	2873	inf	0.688124	0.820053	NA
GO:0019005	1	0	6339	2873	inf	0.688124	0.820053	NA
GO:0019185	1	0	6339	2873	inf	0.688124	0.820053	NA
GO:0019208	1	0	6339	2873	inf	0.688124	0.820053	NA
GO:0019228	1	0	6339	2873	inf	0.688124	0.820053	NA
GO:0019350	1	0	6339	2873	inf	0.688124	0.820053	NA
GO:0019370	1	0	6339	2873	inf	0.688124	0.820053	NA
GO:0019856	1	0	6339	2873	inf	0.688124	0.820053	NA
GO:0019898	1	0	6339	2873	inf	0.688124	0.820053	NA
GO:0019901	1	0	6339	2873	inf	0.688124	0.820053	NA
GO:0019902	1	0	6339	2873	inf	0.688124	0.820053	NA
GO:0019915	1	0	6339	2873	inf	0.688124	0.820053	NA
GO:0019955	1	0	6339	2873	inf	0.688124	0.820053	NA
GO:0019976	1	0	6339	2873	inf	0.688124	0.820053	NA
GO:0019991	1	0	6339	2873	inf	0.688124	0.820053	NA
GO:0022848	1	0	6339	2873	inf	0.688124	0.820053	NA
GO:0022877	1	0	6339	2873	inf	0.688124	0.820053	NA
GO:0030018	1	0	6339	2873	inf	0.688124	0.820053	NA
GO:0030027	1	0	6339	2873	inf	0.688124	0.820053	NA
GO:0030098	1	0	6339	2873	inf	0.688124	0.820053	NA
GO:0030163	1	0	6339	2873	inf	0.688124	0.820053	NA
GO:0030175	1	0	6339	2873	inf	0.688124	0.820053	NA
GO:0030244	1	0	6339	2873	inf	0.688124	0.820053	NA
GO:0030282	1	0	6339	2873	inf	0.688124	0.820053	NA
GO:0030295	1	0	6339	2873	inf	0.688124	0.820053	NA
GO:0030297	1	0	6339	2873	inf	0.688124	0.820053	NA
GO:0030298	1	0	6339	2873	inf	0.688124	0.820053	NA
GO:0030307	1	0	6339	2873	inf	0.688124	0.820053	NA
GO:0030314	1	0	6339	2873	inf	0.688124	0.820053	NA
GO:0030488	1	0	6339	2873	inf	0.688124	0.820053	NA
GO:0030496	1	0	6339	2873	inf	0.688124	0.820053	NA
GO:0030497	1	0	6339	2873	inf	0.688124	0.820053	NA
GO:0030512	1	0	6339	2873	inf	0.688124	0.820053	NA
GO:0030513	1	0	6339	2873	inf	0.688124	0.820053	NA
GO:0030521	1	0	6339	2873	inf	0.688124	0.820053	NA
GO:0030544	1	0	6339	2873	inf	0.688124	0.820053	NA
GO:0030553	1	0	6339	2873	inf	0.688124	0.820053	NA
GO:0030574	1	0	6339	2873	inf	0.688124	0.820053	NA
GO:0030641	1	0	6339	2873	inf	0.688124	0.820053	NA
GO:0030643	1	0	6339	2873	inf	0.688124	0.820053	NA
GO:0030659	1	0	6339	2873	inf	0.688124	0.820053	NA
GO:0030672	1	0	6339	2873	inf	0.688124	0.820053	NA
GO:0030686	1	0	6339	2873	inf	0.688124	0.820053	NA
GO:0030883	1	0	6339	2873	inf	0.688124	0.820053	NA
GO:0030884	1	0	6339	2873	inf	0.688124	0.820053	NA
GO:0030889	1	0	6339	2873	inf	0.688124	0.820053	NA
GO:0030955	1	0	6339	2873	inf	0.688124	0.820053	NA
GO:0030970	1	0	6339	2873	inf	0.688124	0.820053	NA
GO:0030991	1	0	6339	2873	inf	0.688124	0.820053	NA
GO:0031090	1	0	6339	2873	inf	0.688124	0.820053	NA
GO:0031122	1	0	6339	2873	inf	0.688124	0.820053	NA
GO:0031123	1	0	6339	2873	inf	0.688124	0.820053	NA
GO:0031146	1	0	6339	2873	inf	0.688124	0.820053	NA
GO:0031167	1	0	6339	2873	inf	0.688124	0.820053	NA
GO:0031201	1	0	6339	2873	inf	0.688124	0.820053	NA
GO:0031295	1	0	6339	2873	inf	0.688124	0.820053	NA
GO:0031296	1	0	6339	2873	inf	0.688124	0.820053	NA
GO:0031409	1	0	6339	2873	inf	0.688124	0.820053	NA
GO:0031410	1	0	6339	2873	inf	0.688124	0.820053	NA
GO:0031436	1	0	6339	2873	inf	0.688124	0.820053	NA
GO:0031460	1	0	6339	2873	inf	0.688124	0.820053	NA
GO:0031463	1	0	6339	2873	inf	0.688124	0.820053	NA
GO:0031464	1	0	6339	2873	inf	0.688124	0.820053	NA
GO:0031490	1	0	6339	2873	inf	0.688124	0.820053	NA
GO:0031519	1	0	6339	2873	inf	0.688124	0.820053	NA
GO:0031531	1	0	6339	2873	inf	0.688124	0.820053	NA
GO:0031591	1	0	6339	2873	inf	0.688124	0.820053	NA
GO:0031594	1	0	6339	2873	inf	0.688124	0.820053	NA
GO:0031669	1	0	6339	2873	inf	0.688124	0.820053	NA
GO:0031768	1	0	6339	2873	inf	0.688124	0.820053	NA
GO:0031855	1	0	6339	2873	inf	0.688124	0.820053	NA
GO:0031901	1	0	6339	2873	inf	0.688124	0.820053	NA
GO:0031902	1	0	6339	2873	inf	0.688124	0.820053	NA
GO:0032008	1	0	6339	2873	inf	0.688124	0.820053	NA
GO:0032039	1	0	6339	2873	inf	0.688124	0.820053	NA
GO:0032040	1	0	6339	2873	inf	0.688124	0.820053	NA
GO:0032095	1	0	6339	2873	inf	0.688124	0.820053	NA
GO:0032259	1	0	6339	2873	inf	0.688124	0.820053	NA
GO:0032418	1	0	6339	2873	inf	0.688124	0.820053	NA
GO:0032437	1	0	6339	2873	inf	0.688124	0.820053	NA
GO:0032467	1	0	6339	2873	inf	0.688124	0.820053	NA
GO:0032502	1	0	6339	2873	inf	0.688124	0.820053	NA
GO:0032508	1	0	6339	2873	inf	0.688124	0.820053	NA
GO:0032509	1	0	6339	2873	inf	0.688124	0.820053	NA
GO:0032587	1	0	6339	2873	inf	0.688124	0.820053	NA
GO:0032588	1	0	6339	2873	inf	0.688124	0.820053	NA
GO:0032602	1	0	6339	2873	inf	0.688124	0.820053	NA
GO:0032790	1	0	6339	2873	inf	0.688124	0.820053	NA
GO:0032816	1	0	6339	2873	inf	0.688124	0.820053	NA
GO:0032911	1	0	6339	2873	inf	0.688124	0.820053	NA
GO:0033108	1	0	6339	2873	inf	0.688124	0.820053	NA
GO:0033176	1	0	6339	2873	inf	0.688124	0.820053	NA
GO:0033234	1	0	6339	2873	inf	0.688124	0.820053	NA
GO:0034067	1	0	6339	2873	inf	0.688124	0.820053	NA
GO:0034241	1	0	6339	2873	inf	0.688124	0.820053	NA
GO:0034341	1	0	6339	2873	inf	0.688124	0.820053	NA
GO:0034451	1	0	6339	2873	inf	0.688124	0.820053	NA
GO:0034457	1	0	6339	2873	inf	0.688124	0.820053	NA
GO:0034462	1	0	6339	2873	inf	0.688124	0.820053	NA
GO:0034464	1	0	6339	2873	inf	0.688124	0.820053	NA
GO:0034472	1	0	6339	2873	inf	0.688124	0.820053	NA
GO:0034612	1	0	6339	2873	inf	0.688124	0.820053	NA
GO:0035064	1	0	6339	2873	inf	0.688124	0.820053	NA
GO:0035092	1	0	6339	2873	inf	0.688124	0.820053	NA
GO:0035145	1	0	6339	2873	inf	0.688124	0.820053	NA
GO:0035151	1	0	6339	2873	inf	0.688124	0.820053	NA
GO:0035194	1	0	6339	2873	inf	0.688124	0.820053	NA
GO:0035249	1	0	6339	2873	inf	0.688124	0.820053	NA
GO:0035256	1	0	6339	2873	inf	0.688124	0.820053	NA
GO:0035473	1	0	6339	2873	inf	0.688124	0.820053	NA
GO:0035478	1	0	6339	2873	inf	0.688124	0.820053	NA
GO:0035735	1	0	6339	2873	inf	0.688124	0.820053	NA
GO:0035771	1	0	6339	2873	inf	0.688124	0.820053	NA
GO:0035774	1	0	6339	2873	inf	0.688124	0.820053	NA
GO:0036038	1	0	6339	2873	inf	0.688124	0.820053	NA
GO:0036064	1	0	6339	2873	inf	0.688124	0.820053	NA
GO:0036265	1	0	6339	2873	inf	0.688124	0.820053	NA
GO:0036370	1	0	6339	2873	inf	0.688124	0.820053	NA
GO:0036502	1	0	6339	2873	inf	0.688124	0.820053	NA
GO:0036513	1	0	6339	2873	inf	0.688124	0.820053	NA
GO:0038063	1	0	6339	2873	inf	0.688124	0.820053	NA
GO:0038166	1	0	6339	2873	inf	0.688124	0.820053	NA
GO:0042119	1	0	6339	2873	inf	0.688124	0.820053	NA
GO:0042134	1	0	6339	2873	inf	0.688124	0.820053	NA
GO:0042147	1	0	6339	2873	inf	0.688124	0.820053	NA
GO:0042278	1	0	6339	2873	inf	0.688124	0.820053	NA
GO:0042391	1	0	6339	2873	inf	0.688124	0.820053	NA
GO:0042392	1	0	6339	2873	inf	0.688124	0.820053	NA
GO:0042555	1	0	6339	2873	inf	0.688124	0.820053	NA
GO:0042622	1	0	6339	2873	inf	0.688124	0.820053	NA
GO:0042626	1	0	6339	2873	inf	0.688124	0.820053	NA
GO:0042627	1	0	6339	2873	inf	0.688124	0.820053	NA
GO:0042699	1	0	6339	2873	inf	0.688124	0.820053	NA
GO:0042734	1	0	6339	2873	inf	0.688124	0.820053	NA
GO:0042775	1	0	6339	2873	inf	0.688124	0.820053	NA
GO:0042795	1	0	6339	2873	inf	0.688124	0.820053	NA
GO:0042796	1	0	6339	2873	inf	0.688124	0.820053	NA
GO:0042797	1	0	6339	2873	inf	0.688124	0.820053	NA
GO:0042800	1	0	6339	2873	inf	0.688124	0.820053	NA
GO:0042805	1	0	6339	2873	inf	0.688124	0.820053	NA
GO:0042819	1	0	6339	2873	inf	0.688124	0.820053	NA
GO:0042823	1	0	6339	2873	inf	0.688124	0.820053	NA
GO:0043021	1	0	6339	2873	inf	0.688124	0.820053	NA
GO:0043024	1	0	6339	2873	inf	0.688124	0.820053	NA
GO:0043067	1	0	6339	2873	inf	0.688124	0.820053	NA
GO:0043138	1	0	6339	2873	inf	0.688124	0.820053	NA
GO:0043195	1	0	6339	2873	inf	0.688124	0.820053	NA
GO:0043274	1	0	6339	2873	inf	0.688124	0.820053	NA
GO:0043328	1	0	6339	2873	inf	0.688124	0.820053	NA
GO:0043330	1	0	6339	2873	inf	0.688124	0.820053	NA
GO:0043405	1	0	6339	2873	inf	0.688124	0.820053	NA
GO:0043424	1	0	6339	2873	inf	0.688124	0.820053	NA
GO:0043484	1	0	6339	2873	inf	0.688124	0.820053	NA
GO:0043527	1	0	6339	2873	inf	0.688124	0.820053	NA
GO:0043937	1	0	6339	2873	inf	0.688124	0.820053	NA
GO:0043966	1	0	6339	2873	inf	0.688124	0.820053	NA
GO:0044238	1	0	6339	2873	inf	0.688124	0.820053	NA
GO:0044295	1	0	6339	2873	inf	0.688124	0.820053	NA
GO:0044325	1	0	6339	2873	inf	0.688124	0.820053	NA
GO:0044341	1	0	6339	2873	inf	0.688124	0.820053	NA
GO:0044547	1	0	6339	2873	inf	0.688124	0.820053	NA
GO:0044774	1	0	6339	2873	inf	0.688124	0.820053	NA
GO:0044780	1	0	6339	2873	inf	0.688124	0.820053	NA
GO:0044806	1	0	6339	2873	inf	0.688124	0.820053	NA
GO:0044877	1	0	6339	2873	inf	0.688124	0.820053	NA
GO:0045036	1	0	6339	2873	inf	0.688124	0.820053	NA
GO:0045040	1	0	6339	2873	inf	0.688124	0.820053	NA
GO:0045041	1	0	6339	2873	inf	0.688124	0.820053	NA
GO:0045211	1	0	6339	2873	inf	0.688124	0.820053	NA
GO:0045214	1	0	6339	2873	inf	0.688124	0.820053	NA
GO:0045444	1	0	6339	2873	inf	0.688124	0.820053	NA
GO:0045490	1	0	6339	2873	inf	0.688124	0.820053	NA
GO:0045494	1	0	6339	2873	inf	0.688124	0.820053	NA
GO:0045582	1	0	6339	2873	inf	0.688124	0.820053	NA
GO:0045596	1	0	6339	2873	inf	0.688124	0.820053	NA
GO:0045742	1	0	6339	2873	inf	0.688124	0.820053	NA
GO:0045745	1	0	6339	2873	inf	0.688124	0.820053	NA
GO:0045765	1	0	6339	2873	inf	0.688124	0.820053	NA
GO:0045777	1	0	6339	2873	inf	0.688124	0.820053	NA
GO:0045780	1	0	6339	2873	inf	0.688124	0.820053	NA
GO:0045785	1	0	6339	2873	inf	0.688124	0.820053	NA
GO:0045823	1	0	6339	2873	inf	0.688124	0.820053	NA
GO:0046177	1	0	6339	2873	inf	0.688124	0.820053	NA
GO:0046294	1	0	6339	2873	inf	0.688124	0.820053	NA
GO:0046316	1	0	6339	2873	inf	0.688124	0.820053	NA
GO:0046600	1	0	6339	2873	inf	0.688124	0.820053	NA
GO:0046604	1	0	6339	2873	inf	0.688124	0.820053	NA
GO:0046621	1	0	6339	2873	inf	0.688124	0.820053	NA
GO:0046653	1	0	6339	2873	inf	0.688124	0.820053	NA
GO:0046739	1	0	6339	2873	inf	0.688124	0.820053	NA
GO:0046854	1	0	6339	2873	inf	0.688124	0.820053	NA
GO:0046856	1	0	6339	2873	inf	0.688124	0.820053	NA
GO:0046870	1	0	6339	2873	inf	0.688124	0.820053	NA
GO:0046906	1	0	6339	2873	inf	0.688124	0.820053	NA
GO:0046912	1	0	6339	2873	inf	0.688124	0.820053	NA
GO:0046975	1	0	6339	2873	inf	0.688124	0.820053	NA
GO:0047750	1	0	6339	2873	inf	0.688124	0.820053	NA
GO:0048006	1	0	6339	2873	inf	0.688124	0.820053	NA
GO:0048007	1	0	6339	2873	inf	0.688124	0.820053	NA
GO:0048008	1	0	6339	2873	inf	0.688124	0.820053	NA
GO:0048247	1	0	6339	2873	inf	0.688124	0.820053	NA
GO:0048280	1	0	6339	2873	inf	0.688124	0.820053	NA
GO:0048316	1	0	6339	2873	inf	0.688124	0.820053	NA
GO:0048367	1	0	6339	2873	inf	0.688124	0.820053	NA
GO:0048487	1	0	6339	2873	inf	0.688124	0.820053	NA
GO:0048534	1	0	6339	2873	inf	0.688124	0.820053	NA
GO:0048535	1	0	6339	2873	inf	0.688124	0.820053	NA
GO:0048731	1	0	6339	2873	inf	0.688124	0.820053	NA
GO:0048788	1	0	6339	2873	inf	0.688124	0.820053	NA
GO:0048791	1	0	6339	2873	inf	0.688124	0.820053	NA
GO:0050649	1	0	6339	2873	inf	0.688124	0.820053	NA
GO:0050658	1	0	6339	2873	inf	0.688124	0.820053	NA
GO:0050667	1	0	6339	2873	inf	0.688124	0.820053	NA
GO:0050778	1	0	6339	2873	inf	0.688124	0.820053	NA
GO:0050803	1	0	6339	2873	inf	0.688124	0.820053	NA
GO:0050806	1	0	6339	2873	inf	0.688124	0.820053	NA
GO:0050825	1	0	6339	2873	inf	0.688124	0.820053	NA
GO:0050872	1	0	6339	2873	inf	0.688124	0.820053	NA
GO:0050873	1	0	6339	2873	inf	0.688124	0.820053	NA
GO:0050911	1	0	6339	2873	inf	0.688124	0.820053	NA
GO:0050982	1	0	6339	2873	inf	0.688124	0.820053	NA
GO:0051017	1	0	6339	2873	inf	0.688124	0.820053	NA
GO:0051085	1	0	6339	2873	inf	0.688124	0.820053	NA
GO:0051131	1	0	6339	2873	inf	0.688124	0.820053	NA
GO:0051429	1	0	6339	2873	inf	0.688124	0.820053	NA
GO:0051431	1	0	6339	2873	inf	0.688124	0.820053	NA
GO:0051539	1	0	6339	2873	inf	0.688124	0.820053	NA
GO:0051604	1	0	6339	2873	inf	0.688124	0.820053	NA
GO:0051646	1	0	6339	2873	inf	0.688124	0.820053	NA
GO:0051726	1	0	6339	2873	inf	0.688124	0.820053	NA
GO:0051764	1	0	6339	2873	inf	0.688124	0.820053	NA
GO:0051881	1	0	6339	2873	inf	0.688124	0.820053	NA
GO:0051895	1	0	6339	2873	inf	0.688124	0.820053	NA
GO:0051903	1	0	6339	2873	inf	0.688124	0.820053	NA
GO:0051920	1	0	6339	2873	inf	0.688124	0.820053	NA
GO:0051930	1	0	6339	2873	inf	0.688124	0.820053	NA
GO:0051980	1	0	6339	2873	inf	0.688124	0.820053	NA
GO:0051983	1	0	6339	2873	inf	0.688124	0.820053	NA
GO:0052689	1	0	6339	2873	inf	0.688124	0.820053	NA
GO:0055038	1	0	6339	2873	inf	0.688124	0.820053	NA
GO:0055064	1	0	6339	2873	inf	0.688124	0.820053	NA
GO:0055075	1	0	6339	2873	inf	0.688124	0.820053	NA
GO:0055078	1	0	6339	2873	inf	0.688124	0.820053	NA
GO:0060041	1	0	6339	2873	inf	0.688124	0.820053	NA
GO:0060076	1	0	6339	2873	inf	0.688124	0.820053	NA
GO:0060090	1	0	6339	2873	inf	0.688124	0.820053	NA
GO:0060091	1	0	6339	2873	inf	0.688124	0.820053	NA
GO:0060124	1	0	6339	2873	inf	0.688124	0.820053	NA
GO:0060394	1	0	6339	2873	inf	0.688124	0.820053	NA
GO:0060537	1	0	6339	2873	inf	0.688124	0.820053	NA
GO:0060697	1	0	6339	2873	inf	0.688124	0.820053	NA
GO:0061564	1	0	6339	2873	inf	0.688124	0.820053	NA
GO:0061809	1	0	6339	2873	inf	0.688124	0.820053	NA
GO:0070052	1	0	6339	2873	inf	0.688124	0.820053	NA
GO:0070197	1	0	6339	2873	inf	0.688124	0.820053	NA
GO:0070314	1	0	6339	2873	inf	0.688124	0.820053	NA
GO:0070378	1	0	6339	2873	inf	0.688124	0.820053	NA
GO:0070412	1	0	6339	2873	inf	0.688124	0.820053	NA
GO:0070449	1	0	6339	2873	inf	0.688124	0.820053	NA
GO:0070453	1	0	6339	2873	inf	0.688124	0.820053	NA
GO:0070513	1	0	6339	2873	inf	0.688124	0.820053	NA
GO:0070531	1	0	6339	2873	inf	0.688124	0.820053	NA
GO:0070555	1	0	6339	2873	inf	0.688124	0.820053	NA
GO:0070765	1	0	6339	2873	inf	0.688124	0.820053	NA
GO:0070836	1	0	6339	2873	inf	0.688124	0.820053	NA
GO:0070897	1	0	6339	2873	inf	0.688124	0.820053	NA
GO:0070945	1	0	6339	2873	inf	0.688124	0.820053	NA
GO:0070989	1	0	6339	2873	inf	0.688124	0.820053	NA
GO:0071004	1	0	6339	2873	inf	0.688124	0.820053	NA
GO:0071013	1	0	6339	2873	inf	0.688124	0.820053	NA
GO:0071218	1	0	6339	2873	inf	0.688124	0.820053	NA
GO:0071228	1	0	6339	2873	inf	0.688124	0.820053	NA
GO:0071276	1	0	6339	2873	inf	0.688124	0.820053	NA
GO:0071280	1	0	6339	2873	inf	0.688124	0.820053	NA
GO:0071294	1	0	6339	2873	inf	0.688124	0.820053	NA
GO:0071705	1	0	6339	2873	inf	0.688124	0.820053	NA
GO:0071723	1	0	6339	2873	inf	0.688124	0.820053	NA
GO:0071816	1	0	6339	2873	inf	0.688124	0.820053	NA
GO:0071818	1	0	6339	2873	inf	0.688124	0.820053	NA
GO:0071858	1	0	6339	2873	inf	0.688124	0.820053	NA
GO:0071895	1	0	6339	2873	inf	0.688124	0.820053	NA
GO:0072354	1	0	6339	2873	inf	0.688124	0.820053	NA
GO:0072487	1	0	6339	2873	inf	0.688124	0.820053	NA
GO:0072674	1	0	6339	2873	inf	0.688124	0.820053	NA
GO:0085020	1	0	6339	2873	inf	0.688124	0.820053	NA
GO:0086010	1	0	6339	2873	inf	0.688124	0.820053	NA
GO:0089718	1	0	6339	2873	inf	0.688124	0.820053	NA
GO:0090266	1	0	6339	2873	inf	0.688124	0.820053	NA
GO:0090398	1	0	6339	2873	inf	0.688124	0.820053	NA
GO:0090503	1	0	6339	2873	inf	0.688124	0.820053	NA
GO:0090563	1	0	6339	2873	inf	0.688124	0.820053	NA
GO:0097163	1	0	6339	2873	inf	0.688124	0.820053	NA
GO:0097178	1	0	6339	2873	inf	0.688124	0.820053	NA
GO:0097187	1	0	6339	2873	inf	0.688124	0.820053	NA
GO:0097190	1	0	6339	2873	inf	0.688124	0.820053	NA
GO:0097345	1	0	6339	2873	inf	0.688124	0.820053	NA
GO:0097500	1	0	6339	2873	inf	0.688124	0.820053	NA
GO:0097501	1	0	6339	2873	inf	0.688124	0.820053	NA
GO:0097526	1	0	6339	2873	inf	0.688124	0.820053	NA
GO:0097550	1	0	6339	2873	inf	0.688124	0.820053	NA
GO:0097746	1	0	6339	2873	inf	0.688124	0.820053	NA
GO:0098632	1	0	6339	2873	inf	0.688124	0.820053	NA
GO:0098656	1	0	6339	2873	inf	0.688124	0.820053	NA
GO:0098662	1	0	6339	2873	inf	0.688124	0.820053	NA
GO:0098700	1	0	6339	2873	inf	0.688124	0.820053	NA
GO:0098703	1	0	6339	2873	inf	0.688124	0.820053	NA
GO:0099078	1	0	6339	2873	inf	0.688124	0.820053	NA
GO:0101020	1	0	6339	2873	inf	0.688124	0.820053	NA
GO:0106035	1	0	6339	2873	inf	0.688124	0.820053	NA
GO:0106274	1	0	6339	2873	inf	0.688124	0.820053	NA
GO:0110158	1	0	6339	2873	inf	0.688124	0.820053	NA
GO:0140291	1	0	6339	2873	inf	0.688124	0.820053	NA
GO:0140293	1	0	6339	2873	inf	0.688124	0.820053	NA
GO:0140672	1	0	6339	2873	inf	0.688124	0.820053	NA
GO:1900025	1	0	6339	2873	inf	0.688124	0.820053	NA
GO:1900075	1	0	6339	2873	inf	0.688124	0.820053	NA
GO:1900118	1	0	6339	2873	inf	0.688124	0.820053	NA
GO:1900376	1	0	6339	2873	inf	0.688124	0.820053	NA
GO:1901505	1	0	6339	2873	inf	0.688124	0.820053	NA
GO:1901642	1	0	6339	2873	inf	0.688124	0.820053	NA
GO:1901894	1	0	6339	2873	inf	0.688124	0.820053	NA
GO:1901895	1	0	6339	2873	inf	0.688124	0.820053	NA
GO:1902081	1	0	6339	2873	inf	0.688124	0.820053	NA
GO:1902476	1	0	6339	2873	inf	0.688124	0.820053	NA
GO:1903076	1	0	6339	2873	inf	0.688124	0.820053	NA
GO:1903401	1	0	6339	2873	inf	0.688124	0.820053	NA
GO:1903424	1	0	6339	2873	inf	0.688124	0.820053	NA
GO:1903425	1	0	6339	2873	inf	0.688124	0.820053	NA
GO:1903711	1	0	6339	2873	inf	0.688124	0.820053	NA
GO:1904151	1	0	6339	2873	inf	0.688124	0.820053	NA
GO:1904257	1	0	6339	2873	inf	0.688124	0.820053	NA
GO:1904263	1	0	6339	2873	inf	0.688124	0.820053	NA
GO:1904491	1	0	6339	2873	inf	0.688124	0.820053	NA
GO:1904684	1	0	6339	2873	inf	0.688124	0.820053	NA
GO:1905502	1	0	6339	2873	inf	0.688124	0.820053	NA
GO:1905515	1	0	6339	2873	inf	0.688124	0.820053	NA
GO:1990113	1	0	6339	2873	inf	0.688124	0.820053	NA
GO:1990114	1	0	6339	2873	inf	0.688124	0.820053	NA
GO:1990115	1	0	6339	2873	inf	0.688124	0.820053	NA
GO:1990166	1	0	6339	2873	inf	0.688124	0.820053	NA
GO:1990573	1	0	6339	2873	inf	0.688124	0.820053	NA
GO:1990726	1	0	6339	2873	inf	0.688124	0.820053	NA
GO:1990817	1	0	6339	2873	inf	0.688124	0.820053	NA
GO:1990904	1	0	6339	2873	inf	0.688124	0.820053	NA
GO:2000300	1	0	6339	2873	inf	0.688124	0.820053	NA
GO:2000781	1	0	6339	2873	inf	0.688124	0.820053	NA
GO:0042593	8	4	6339	2873	0.906334	0.691784	0.823913	NA
GO:0006511	6	3	6339	2873	0.906363	0.702125	0.835213	NA
GO:0042157	6	3	6339	2873	0.906363	0.702125	0.835213	NA
GO:0004888	4	2	6339	2873	0.906393	0.72206	0.857364	NA
GO:0005524	4	2	6339	2873	0.906393	0.72206	0.857364	NA
GO:0034220	4	2	6339	2873	0.906393	0.72206	0.857364	NA
GO:0045735	27	14	6339	2873	0.87354	0.72313	0.858115	NA
GO:0001817	2	1	6339	2873	0.906423	0.768897	0.903662	NA
GO:0004556	2	1	6339	2873	0.906423	0.768897	0.903662	NA
GO:0004842	2	1	6339	2873	0.906423	0.768897	0.903662	NA
GO:0005121	2	1	6339	2873	0.906423	0.768897	0.903662	NA
GO:0005139	2	1	6339	2873	0.906423	0.768897	0.903662	NA
GO:0006414	2	1	6339	2873	0.906423	0.768897	0.903662	NA
GO:0007409	2	1	6339	2873	0.906423	0.768897	0.903662	NA
GO:0015629	2	1	6339	2873	0.906423	0.768897	0.903662	NA
GO:0021556	2	1	6339	2873	0.906423	0.768897	0.903662	NA
GO:0030546	2	1	6339	2873	0.906423	0.768897	0.903662	NA
GO:0042030	2	1	6339	2873	0.906423	0.768897	0.903662	NA
GO:0042531	2	1	6339	2873	0.906423	0.768897	0.903662	NA
GO:0042612	2	1	6339	2873	0.906423	0.768897	0.903662	NA
GO:0043169	2	1	6339	2873	0.906423	0.768897	0.903662	NA
GO:0061827	2	1	6339	2873	0.906423	0.768897	0.903662	NA
GO:0071949	2	1	6339	2873	0.906423	0.768897	0.903662	NA
GO:0007249	5	3	6339	2873	0.755184	0.783887	0.920175	NA
GO:0008544	5	3	6339	2873	0.755184	0.783887	0.920175	NA
GO:0006629	19	11	6339	2873	0.782192	0.803208	0.94229	NA
GO:0007268	3	2	6339	2873	0.679688	0.820914	0.955618	NA
GO:0010460	3	2	6339	2873	0.679688	0.820914	0.955618	NA
GO:0016829	3	2	6339	2873	0.679688	0.820914	0.955618	NA
GO:0019730	3	2	6339	2873	0.679688	0.820914	0.955618	NA
GO:0030168	3	2	6339	2873	0.679688	0.820914	0.955618	NA
GO:0030194	3	2	6339	2873	0.679688	0.820914	0.955618	NA
GO:0030261	3	2	6339	2873	0.679688	0.820914	0.955618	NA
GO:0031700	3	2	6339	2873	0.679688	0.820914	0.955618	NA
GO:0035673	3	2	6339	2873	0.679688	0.820914	0.955618	NA
GO:0045910	3	2	6339	2873	0.679688	0.820914	0.955618	NA
GO:0047613	3	2	6339	2873	0.679688	0.820914	0.955618	NA
GO:0140367	3	2	6339	2873	0.679688	0.820914	0.955618	NA
GO:1990410	3	2	6339	2873	0.679688	0.820914	0.955618	NA
GO:0005126	6	4	6339	2873	0.679536	0.82874	0.964155	NA
GO:0005506	18	11	6339	2873	0.740907	0.838273	0.974667	NA
GO:0097208	4	3	6339	2873	0.604052	0.858132	0.997164	NA
GO:0005186	7	5	6339	2873	0.634112	0.862574	1	NA
GO:0008200	15	10	6339	2873	0.67908	0.877329	1	NA
GO:0001961	1	1	6339	2873	0.45314	0.902757	1	NA
GO:0003995	1	1	6339	2873	0.45314	0.902757	1	NA
GO:0006352	1	1	6339	2873	0.45314	0.902757	1	NA
GO:0008643	1	1	6339	2873	0.45314	0.902757	1	NA
GO:0010468	1	1	6339	2873	0.45314	0.902757	1	NA
GO:0015035	1	1	6339	2873	0.45314	0.902757	1	NA
GO:0015144	1	1	6339	2873	0.45314	0.902757	1	NA
GO:0017148	1	1	6339	2873	0.45314	0.902757	1	NA
GO:0019863	1	1	6339	2873	0.45314	0.902757	1	NA
GO:0030599	1	1	6339	2873	0.45314	0.902757	1	NA
GO:0030674	1	1	6339	2873	0.45314	0.902757	1	NA
GO:0031625	1	1	6339	2873	0.45314	0.902757	1	NA
GO:0031769	1	1	6339	2873	0.45314	0.902757	1	NA
GO:0032722	1	1	6339	2873	0.45314	0.902757	1	NA
GO:0032733	1	1	6339	2873	0.45314	0.902757	1	NA
GO:0032736	1	1	6339	2873	0.45314	0.902757	1	NA
GO:0032754	1	1	6339	2873	0.45314	0.902757	1	NA
GO:0032755	1	1	6339	2873	0.45314	0.902757	1	NA
GO:0032780	1	1	6339	2873	0.45314	0.902757	1	NA
GO:0036457	1	1	6339	2873	0.45314	0.902757	1	NA
GO:0042545	1	1	6339	2873	0.45314	0.902757	1	NA
GO:0043161	1	1	6339	2873	0.45314	0.902757	1	NA
GO:0045454	1	1	6339	2873	0.45314	0.902757	1	NA
GO:0050660	1	1	6339	2873	0.45314	0.902757	1	NA
GO:0050729	1	1	6339	2873	0.45314	0.902757	1	NA
GO:0051047	1	1	6339	2873	0.45314	0.902757	1	NA
GO:0051536	1	1	6339	2873	0.45314	0.902757	1	NA
GO:0051793	1	1	6339	2873	0.45314	0.902757	1	NA
GO:0061436	1	1	6339	2873	0.45314	0.902757	1	NA
GO:0070991	1	1	6339	2873	0.45314	0.902757	1	NA
GO:0005216	2	2	6339	2873	0.453053	0.907088	1	NA
GO:0005319	2	2	6339	2873	0.453053	0.907088	1	NA
GO:0019835	2	2	6339	2873	0.453053	0.907088	1	NA
GO:0002376	3	3	6339	2873	0.452967	0.919768	1	NA
GO:0019732	3	3	6339	2873	0.452967	0.919768	1	NA
GO:0042595	3	3	6339	2873	0.452967	0.919768	1	NA
GO:0048167	3	3	6339	2873	0.452967	0.919768	1	NA
GO:0048870	3	3	6339	2873	0.452967	0.919768	1	NA
GO:0071224	3	3	6339	2873	0.452967	0.919768	1	NA
GO:0071651	3	3	6339	2873	0.452967	0.919768	1	NA
GO:0006826	10	8	6339	2873	0.565848	0.9257	1	NA
GO:0036393	4	4	6339	2873	0.452881	0.932376	1	NA
GO:0016998	80	47	6339	2873	0.768527	0.934323	1	NA
GO:0005769	11	9	6339	2873	0.553168	0.93887	1	NA
GO:0055037	9	8	6339	2873	0.509182	0.949138	1	NA
GO:0031638	15	12	6339	2873	0.565504	0.951755	1	NA
GO:0001533	2	3	6339	2873	0.30193	0.964538	1	NA
GO:0030500	2	3	6339	2873	0.30193	0.964538	1	NA
GO:0033500	2	3	6339	2873	0.30193	0.964538	1	NA
GO:0043204	2	3	6339	2873	0.30193	0.964538	1	NA
GO:0003824	1	2	6339	2873	0.226491	0.969687	1	NA
GO:0009617	1	2	6339	2873	0.226491	0.969687	1	NA
GO:0030288	1	2	6339	2873	0.226491	0.969687	1	NA
GO:0042582	1	2	6339	2873	0.226491	0.969687	1	NA
GO:0042632	1	2	6339	2873	0.226491	0.969687	1	NA
GO:0008061	86	54	6339	2873	0.717978	0.975247	1	NA
GO:0043542	13	12	6339	2873	0.489949	0.97593	1	NA
GO:0002281	3	5	6339	2873	0.271591	0.986166	1	NA
GO:0002544	3	5	6339	2873	0.271591	0.986166	1	NA
GO:0004497	3	5	6339	2873	0.271591	0.986166	1	NA
GO:0006953	3	5	6339	2873	0.271591	0.986166	1	NA
GO:0014002	3	5	6339	2873	0.271591	0.986166	1	NA
GO:0016019	3	5	6339	2873	0.271591	0.986166	1	NA
GO:0016045	3	5	6339	2873	0.271591	0.986166	1	NA
GO:0016705	3	5	6339	2873	0.271591	0.986166	1	NA
GO:0018119	3	5	6339	2873	0.271591	0.986166	1	NA
GO:0035425	3	5	6339	2873	0.271591	0.986166	1	NA
GO:0043032	3	5	6339	2873	0.271591	0.986166	1	NA
GO:0045113	3	5	6339	2873	0.271591	0.986166	1	NA
GO:0016485	2	4	6339	2873	0.226369	0.986923	1	NA
GO:0017196	2	4	6339	2873	0.226369	0.986923	1	NA
GO:0031416	2	4	6339	2873	0.226369	0.986923	1	NA
GO:0043005	2	4	6339	2873	0.226369	0.986923	1	NA
GO:0050832	56	40	6339	2873	0.631259	0.988999	1	NA
GO:0016125	1	3	6339	2873	0.150941	0.990553	1	NA
GO:0007165	58	42	6339	2873	0.622429	0.991853	1	NA
GO:0002395	3	6	6339	2873	0.226247	0.994546	1	NA
GO:0043129	3	6	6339	2873	0.226247	0.994546	1	NA
GO:0044194	3	6	6339	2873	0.226247	0.994546	1	NA
GO:1900229	3	6	6339	2873	0.226247	0.994546	1	NA
GO:0034760	5	8	6339	2873	0.282701	0.994635	1	NA
GO:0002523	6	9	6339	2873	0.30149	0.995028	1	NA
GO:0032496	6	9	6339	2873	0.30149	0.995028	1	NA
GO:0061760	6	9	6339	2873	0.30149	0.995028	1	NA
GO:0070488	6	9	6339	2873	0.30149	0.995028	1	NA
GO:0032715	2	5	6339	2873	0.181032	0.995295	1	NA
GO:0032717	2	5	6339	2873	0.181032	0.995295	1	NA
GO:0032720	2	5	6339	2873	0.181032	0.995295	1	NA
GO:0043031	2	5	6339	2873	0.181032	0.995295	1	NA
GO:0030593	7	10	6339	2873	0.316503	0.995497	1	NA
GO:0070374	1	4	6339	2873	0.113167	0.997056	1	NA
GO:0070062	19	20	6339	2873	0.428853	0.997325	1	NA
GO:0030492	4	8	6339	2873	0.226125	0.997718	1	NA
GO:0060326	112	78	6339	2873	0.644505	0.998564	1	NA
GO:0031663	5	10	6339	2873	0.226003	0.999038	1	NA
GO:0005802	1	5	6339	2873	0.0905017	0.999083	1	NA
GO:0033604	1	5	6339	2873	0.0905017	0.999083	1	NA
GO:0042381	1	5	6339	2873	0.0905017	0.999083	1	NA
GO:0042583	1	5	6339	2873	0.0905017	0.999083	1	NA
GO:0046676	1	5	6339	2873	0.0905017	0.999083	1	NA
GO:0086030	1	5	6339	2873	0.0905017	0.999083	1	NA
GO:0031012	110	79	6339	2873	0.624559	0.999282	1	NA
GO:0010942	5	12	6339	2873	0.188204	0.999841	1	NA
GO:0008932	1	7	6339	2873	0.064599	0.999911	1	NA
GO:0044659	2	9	6339	2873	0.100433	0.999932	1	NA
GO:0005198	4	13	6339	2873	0.138911	0.99998	1	NA
GO:0004860	1	11	6339	2873	0.0410511	0.999999	1	NA
GO:0016491	19	32	6339	2873	0.266906	0.999999	1	NA
GO:0009253	47	56	6339	2873	0.375758	1	1	NA
GO:0031640	4	18	6339	2873	0.100149	1	1	NA
GO:0042130	10	27	6339	2873	0.166547	1	1	NA
GO:0006879	18	39	6339	2873	0.206929	1	1	NA
GO:0042056	44	66	6339	2873	0.297273	1	1	NA
GO:0003796	146	141	6339	2873	0.456787	1	1	NA
GO:0001716	3	24	6339	2873	0.0562066	1	1	NA
GO:0009063	3	24	6339	2873	0.0562066	1	1	NA
GO:0005615	952	591	6339	2873	0.682367	1	1	NA
GO:0090729	1	23	6339	2873	0.0195508	1	1	NA
GO:0031731	65	92	6339	2873	0.313171	1	1	NA
GO:0019836	1	28	6339	2873	0.0160314	1	1	NA
GO:0000082	0	1	6339	2873	0	1	1	NA
GO:0000209	0	2	6339	2873	0	1	1	NA
GO:0000307	0	1	6339	2873	0	1	1	NA
GO:0000910	0	2	6339	2873	0	1	1	NA
GO:0001070	0	1	6339	2873	0	1	1	NA
GO:0001771	0	3	6339	2873	0	1	1	NA
GO:0001772	0	1	6339	2873	0	1	1	NA
GO:0001913	0	3	6339	2873	0	1	1	NA
GO:0002548	0	1	6339	2873	0	1	1	NA
GO:0003746	0	1	6339	2873	0	1	1	NA
GO:0003884	0	1	6339	2873	0	1	1	NA
GO:0004181	0	2	6339	2873	0	1	1	NA
GO:0004363	0	1	6339	2873	0	1	1	NA
GO:0004375	0	1	6339	2873	0	1	1	NA
GO:0004461	0	1	6339	2873	0	1	1	NA
GO:0004519	0	2	6339	2873	0	1	1	NA
GO:0004653	0	1	6339	2873	0	1	1	NA
GO:0004693	0	1	6339	2873	0	1	1	NA
GO:0004726	0	1	6339	2873	0	1	1	NA
GO:0004854	0	1	6339	2873	0	1	1	NA
GO:0005345	0	2	6339	2873	0	1	1	NA
GO:0005577	0	1	6339	2873	0	1	1	NA
GO:0005727	0	6	6339	2873	0	1	1	NA
GO:0005960	0	1	6339	2873	0	1	1	NA
GO:0005989	0	1	6339	2873	0	1	1	NA
GO:0006493	0	1	6339	2873	0	1	1	NA
GO:0006546	0	1	6339	2873	0	1	1	NA
GO:0006562	0	1	6339	2873	0	1	1	NA
GO:0006750	0	1	6339	2873	0	1	1	NA
GO:0007091	0	1	6339	2873	0	1	1	NA
GO:0007585	0	2	6339	2873	0	1	1	NA
GO:0007618	0	1	6339	2873	0	1	1	NA
GO:0008035	0	2	6339	2873	0	1	1	NA
GO:0008374	0	1	6339	2873	0	1	1	NA
GO:0008592	0	1	6339	2873	0	1	1	NA
GO:0008745	0	8	6339	2873	0	1	1	NA
GO:0009249	0	1	6339	2873	0	1	1	NA
GO:0009254	0	2	6339	2873	0	1	1	NA
GO:0009521	0	1	6339	2873	0	1	1	NA
GO:0009749	0	1	6339	2873	0	1	1	NA
GO:0009767	0	1	6339	2873	0	1	1	NA
GO:0010268	0	3	6339	2873	0	1	1	NA
GO:0010389	0	1	6339	2873	0	1	1	NA
GO:0014059	0	1	6339	2873	0	1	1	NA
GO:0015205	0	2	6339	2873	0	1	1	NA
GO:0015768	0	1	6339	2873	0	1	1	NA
GO:0016052	0	8	6339	2873	0	1	1	NA
GO:0016132	0	3	6339	2873	0	1	1	NA
GO:0016168	0	1	6339	2873	0	1	1	NA
GO:0016486	0	4	6339	2873	0	1	1	NA
GO:0016521	0	3	6339	2873	0	1	1	NA
GO:0016539	0	1	6339	2873	0	1	1	NA
GO:0016594	0	1	6339	2873	0	1	1	NA
GO:0016607	0	1	6339	2873	0	1	1	NA
GO:0016755	0	1	6339	2873	0	1	1	NA
GO:0018773	0	1	6339	2873	0	1	1	NA
GO:0019028	0	1	6339	2873	0	1	1	NA
GO:0019031	0	14	6339	2873	0	1	1	NA
GO:0019058	0	1	6339	2873	0	1	1	NA
GO:0019432	0	1	6339	2873	0	1	1	NA
GO:0019464	0	1	6339	2873	0	1	1	NA
GO:0019478	0	1	6339	2873	0	1	1	NA
GO:0019684	0	1	6339	2873	0	1	1	NA
GO:0019871	0	14	6339	2873	0	1	1	NA
GO:0022829	0	3	6339	2873	0	1	1	NA
GO:0030042	0	1	6339	2873	0	1	1	NA
GO:0030153	0	1	6339	2873	0	1	1	NA
GO:0030170	0	1	6339	2873	0	1	1	NA
GO:0030246	0	4	6339	2873	0	1	1	NA
GO:0030301	0	2	6339	2873	0	1	1	NA
GO:0030332	0	1	6339	2873	0	1	1	NA
GO:0030598	0	1	6339	2873	0	1	1	NA
GO:0031023	0	1	6339	2873	0	1	1	NA
GO:0031932	0	1	6339	2873	0	1	1	NA
GO:0032355	0	1	6339	2873	0	1	1	NA
GO:0032570	0	1	6339	2873	0	1	1	NA
GO:0032880	0	4	6339	2873	0	1	1	NA
GO:0032897	0	4	6339	2873	0	1	1	NA
GO:0033736	0	1	6339	2873	0	1	1	NA
GO:0033819	0	1	6339	2873	0	1	1	NA
GO:0034116	0	1	6339	2873	0	1	1	NA
GO:0034366	0	2	6339	2873	0	1	1	NA
GO:0035307	0	1	6339	2873	0	1	1	NA
GO:0036088	0	1	6339	2873	0	1	1	NA
GO:0038203	0	1	6339	2873	0	1	1	NA
GO:0039678	0	1	6339	2873	0	1	1	NA
GO:0042025	0	2	6339	2873	0	1	1	NA
GO:0042151	0	5	6339	2873	0	1	1	NA
GO:0042304	0	1	6339	2873	0	1	1	NA
GO:0042326	0	1	6339	2873	0	1	1	NA
GO:0042475	0	1	6339	2873	0	1	1	NA
GO:0042956	0	1	6339	2873	0	1	1	NA
GO:0043236	0	1	6339	2873	0	1	1	NA
GO:0043295	0	1	6339	2873	0	1	1	NA
GO:0044179	0	10	6339	2873	0	1	1	NA
GO:0044562	0	9	6339	2873	0	1	1	NA
GO:0045017	0	1	6339	2873	0	1	1	NA
GO:0045806	0	1	6339	2873	0	1	1	NA
GO:0046416	0	1	6339	2873	0	1	1	NA
GO:0046527	0	1	6339	2873	0	1	1	NA
GO:0048030	0	1	6339	2873	0	1	1	NA
GO:0048240	0	2	6339	2873	0	1	1	NA
GO:0048242	0	1	6339	2873	0	1	1	NA
GO:0048488	0	1	6339	2873	0	1	1	NA
GO:0050434	0	1	6339	2873	0	1	1	NA
GO:0050796	0	1	6339	2873	0	1	1	NA
GO:0050808	0	1	6339	2873	0	1	1	NA
GO:0050817	0	2	6339	2873	0	1	1	NA
GO:0050918	0	1	6339	2873	0	1	1	NA
GO:0051011	0	1	6339	2873	0	1	1	NA
GO:0051225	0	1	6339	2873	0	1	1	NA
GO:0051428	0	4	6339	2873	0	1	1	NA
GO:0051607	0	4	6339	2873	0	1	1	NA
GO:0051721	0	1	6339	2873	0	1	1	NA
GO:0055052	0	1	6339	2873	0	1	1	NA
GO:0055130	0	1	6339	2873	0	1	1	NA
GO:0070125	0	1	6339	2873	0	1	1	NA
GO:0070527	0	1	6339	2873	0	1	1	NA
GO:0070534	0	1	6339	2873	0	1	1	NA
GO:0070652	0	1	6339	2873	0	1	1	NA
GO:0070979	0	1	6339	2873	0	1	1	NA
GO:0072377	0	1	6339	2873	0	1	1	NA
GO:0090280	0	1	6339	2873	0	1	1	NA
GO:0098025	0	1	6339	2873	0	1	1	NA
GO:0098932	0	1	6339	2873	0	1	1	NA
GO:0099122	0	1	6339	2873	0	1	1	NA
GO:0120020	0	2	6339	2873	0	1	1	NA
GO:0140911	0	10	6339	2873	0	1	1	NA
GO:1900191	0	1	6339	2873	0	1	1	NA
GO:1901214	0	1	6339	2873	0	1	1	NA
GO:1901318	0	2	6339	2873	0	1	1	NA
GO:1901982	0	1	6339	2873	0	1	1	NA
GO:1903136	0	1	6339	2873	0	1	1	NA
GO:1903494	0	1	6339	2873	0	1	1	NA
GO:1903496	0	1	6339	2873	0	1	1	NA
GO:2000852	0	1	6339	2873	0	1	1	NA
GO:2001237	0	1	6339	2873	0	1	1	NA
GO:0098542	5	179	6339	2873	0.0118805	1	1	NA
GO:0006959	7	65	6339	2873	0.0477574	1	1	NA
GO:0001530	20	130	6339	2873	0.0667827	1	1	NA
GO:0006952	251	1073	6339	2873	0.0691627	1	1	NA
GO:0042742	120	580	6339	2873	0.0762846	1	1	NA
GO:0050829	96	360	6339	2873	0.107342	1	1	NA
GO:0019731	61	216	6339	2873	0.119522	1	1	NA
GO:0051673	27	75	6339	2873	0.159582	1	1	NA
GO:0071222	28	75	6339	2873	0.165518	1	1	NA
GO:0050830	164	390	6339	2873	0.16909	1	1	NA
GO:0045087	72	153	6339	2873	0.204244	1	1	NA
GO:0061844	158	257	6339	2873	0.260197	1	1	NA
GO:0002227	64	105	6339	2873	0.26887	1	1	NA
GO:0005576	1128	1167	6339	2873	0.316444	1	1	NA
